Gender,Cash Spent,Months Since Last Purchase,Visits with Purchases,Time Since First Purchase,ScienceFictionMovies,TeenageMovies,ChickFlicks,ComedyMovies,HorrorMovies,MafiaMovies,DocumentarieMovies,ClassicMovies,ActionMovies,DramaMovies,TheGodfather12or3
0,317.4,64,7,40,0,1,0,1,0,0,1,0,0,0,0
1,552,32,2,14,1,0,0,0,0,0,0,0,0,0,0
1,223.1,14,5,10,0,0,0,0,0,0,0,0,0,0,0
1,800.4,5,16,38,1,1,1,0,1,0,1,0,0,0,0
0,549.7,46,5,28,0,0,1,0,0,0,1,0,0,0,0
1,581.9,23,9,20,1,0,0,0,0,1,0,0,0,0,1
1,271.4,37,2,16,0,1,0,0,0,0,0,0,0,0,0
1,749.8,32,5,22,0,1,0,0,1,0,0,0,0,0,0
1,572.7,28,7,20,1,0,0,1,0,0,0,0,0,0,0
1,676.2,23,28,58,4,1,4,0,0,0,2,0,0,0,0
1,692.3,5,5,4,0,0,0,0,0,0,0,0,0,0,0
1,503.7,74,5,40,0,0,1,0,0,0,1,0,0,0,0
0,522.1,69,5,34,1,0,0,0,0,1,0,0,0,0,1
1,754.4,60,28,62,2,3,0,2,3,2,0,0,2,2,0
1,124.2,32,7,22,1,1,1,0,0,0,0,0,0,0,0
1,450.8,5,28,26,1,1,2,0,0,0,2,0,0,0,0
1,202.4,23,5,16,0,0,1,0,0,0,0,0,0,0,0
0,250.7,18,9,18,0,0,2,0,0,0,0,0,0,0,0
0,591.1,32,28,76,2,1,3,1,2,2,1,0,0,0,0
1,476.1,9,16,22,1,1,1,0,0,1,0,0,0,0,1
1,609.5,37,2,16,0,1,0,0,0,0,0,0,0,0,0
1,158.7,32,5,18,1,0,0,0,0,0,0,0,0,0,0
1,713,28,2,12,0,0,0,0,0,0,0,0,0,0,0
1,653.2,37,5,20,0,0,1,0,0,0,1,0,0,0,0
1,161,32,5,18,0,0,1,0,0,0,0,0,0,0,0
1,388.7,32,25,40,0,3,3,2,0,2,1,0,0,0,0
0,400.2,37,21,56,2,0,2,3,1,0,1,1,0,0,0
1,94.3,18,2,8,0,0,0,0,0,0,0,0,0,0,1
0,991.3,64,28,68,3,0,3,0,2,1,3,1,1,1,0
1,239.2,18,5,16,0,0,1,0,0,0,0,0,0,0,0
1,545.1,69,7,44,1,1,0,0,0,0,1,0,0,0,0
1,533.6,18,2,8,0,0,0,0,0,0,0,0,0,0,0
1,308.2,28,14,34,0,0,1,1,0,1,0,0,0,1,0
0,347.3,32,14,32,0,0,3,2,0,0,1,1,0,0,0
1,142.6,18,2,8,0,0,0,0,0,0,0,0,0,0,0
1,1021.2,83,28,62,3,3,2,0,1,1,2,2,0,0,0
1,549.7,18,16,30,0,0,2,0,0,0,0,1,0,0,0
1,627.9,28,7,24,0,0,0,2,0,0,0,0,0,0,0
1,639.4,28,5,18,0,0,1,0,0,0,0,0,0,0,0
1,388.7,14,5,8,0,0,0,0,0,0,0,0,0,0,0
0,894.7,28,23,62,3,0,2,1,1,0,2,0,0,0,0
1,839.5,5,14,26,0,0,0,2,0,0,0,0,0,0,0
0,798.1,37,18,42,3,0,2,2,0,1,0,0,0,0,0
1,862.5,18,18,52,2,1,0,1,1,1,0,0,0,0,0
1,282.9,37,2,16,0,0,0,0,0,1,0,0,0,0,0
1,246.1,5,5,8,0,0,0,0,0,0,0,0,0,0,0
0,140.3,32,5,22,1,0,1,0,0,0,0,0,0,0,0
1,407.1,23,5,18,1,0,0,0,0,0,0,0,0,0,0
0,1039.6,23,25,42,1,1,1,2,1,1,1,1,0,0,0
1,223.1,9,5,6,0,0,0,0,0,0,0,0,0,0,0
1,644,23,16,32,1,0,1,1,0,1,0,0,0,0,0
1,531.3,9,2,4,0,0,0,0,0,0,0,0,0,0,0
1,529,37,28,84,4,0,4,1,1,1,1,2,1,1,0
1,673.9,5,5,8,0,0,0,0,0,0,0,0,0,0,0
1,683.1,32,23,72,3,0,4,0,0,1,2,0,0,0,0
1,328.9,9,14,38,2,0,1,1,0,1,0,0,0,0,0
1,494.5,37,14,34,1,0,1,1,0,2,1,0,0,0,0
1,480.7,9,2,4,0,0,0,0,0,0,0,0,0,0,0
1,811.9,18,21,38,0,1,2,4,0,0,1,0,0,0,0
1,71.3,18,5,12,0,0,0,0,0,0,0,0,0,0,0
0,533.6,28,2,12,0,0,0,0,0,0,0,0,0,0,0
0,901.6,9,23,38,3,0,1,0,1,2,0,0,0,0,1
0,476.1,37,2,16,1,0,0,0,0,0,0,0,0,0,0
1,404.8,18,25,64,2,0,2,0,0,2,4,1,0,1,1
1,561.2,23,5,14,1,0,0,0,0,0,0,0,0,0,0
1,570.4,18,5,10,0,0,0,0,0,0,0,0,0,0,0
1,427.8,14,2,6,0,0,0,0,0,0,0,0,0,0,0
1,598,51,2,22,0,0,1,0,0,0,0,0,0,0,0
1,547.4,23,16,24,1,1,0,0,0,1,2,0,0,0,0
1,572.7,28,2,12,0,0,0,0,0,0,0,0,0,0,0
1,503.7,23,16,34,1,0,1,0,0,1,2,1,0,1,1
0,202.4,32,5,22,0,0,1,1,0,0,0,0,0,0,0
1,657.8,32,2,14,1,0,0,0,0,0,0,0,0,0,0
1,910.8,37,28,62,5,0,2,3,0,0,2,1,0,0,0
0,450.8,28,5,16,1,0,0,0,0,0,0,0,0,0,0
1,289.8,14,5,8,0,0,0,0,0,0,0,0,0,0,0
0,499.1,37,2,16,0,0,0,1,0,0,0,0,0,0,0
0,565.8,18,5,16,0,0,1,0,0,0,0,0,0,0,0
1,529,51,5,26,1,0,0,0,0,0,1,0,0,0,0
1,715.3,55,2,24,0,0,1,0,0,0,0,0,0,0,0
1,374.9,41,9,28,0,0,1,0,2,0,1,0,0,0,0
1,379.5,32,2,14,0,1,0,0,0,0,0,0,0,0,0
1,699.2,14,2,6,0,0,0,0,0,0,0,0,0,0,1
1,397.9,37,18,56,1,1,2,1,3,0,0,0,0,0,0
0,892.4,32,23,54,4,1,2,0,0,0,3,0,0,0,0
1,315.1,37,5,18,1,0,0,0,0,0,1,0,0,0,0
1,319.7,9,5,12,0,0,0,0,0,0,0,0,0,0,0
0,706.1,83,5,44,0,0,0,0,1,0,1,0,0,0,0
0,570.4,32,2,14,0,0,0,0,0,0,0,0,0,0,0
0,508.3,32,2,14,1,0,0,0,0,0,0,0,0,0,0
1,568.1,28,5,18,0,0,0,1,0,0,0,0,0,0,0
1,496.8,32,2,14,0,0,0,1,0,0,0,0,0,0,0
0,591.1,60,2,26,0,0,0,0,0,1,0,0,0,0,0
1,552,37,18,52,1,0,4,1,0,0,2,0,0,0,0
1,754.4,46,18,58,1,2,1,2,1,0,1,0,0,0,0
1,372.6,18,12,32,1,1,0,0,0,0,0,0,0,0,0
0,441.6,78,5,40,1,1,0,0,0,0,0,0,0,0,0
0,547.4,69,12,44,1,0,2,0,0,0,2,1,0,0,0
1,706.1,37,23,40,1,1,5,2,0,0,1,0,0,0,0
1,657.8,41,18,40,2,0,3,1,0,0,2,0,0,0,0
1,692.3,23,25,62,1,1,2,1,2,0,2,1,0,0,0
1,80.5,41,2,18,1,0,0,0,0,0,0,0,0,0,0
1,331.2,37,2,16,0,0,0,0,0,0,1,0,0,0,0
0,443.9,23,5,18,0,0,1,0,0,0,0,0,0,0,1
1,706.1,5,12,20,0,1,0,1,0,0,0,0,0,0,0
1,80.5,37,5,20,0,0,1,1,0,0,0,0,0,0,0
0,807.3,32,23,46,1,1,2,2,1,2,1,1,1,1,0
1,733.7,28,5,16,0,0,1,0,0,0,0,0,0,0,0
1,200.1,14,5,14,0,1,0,0,0,0,0,0,0,0,0
1,186.3,5,2,2,0,0,0,0,0,0,0,0,0,0,0
0,931.5,14,28,70,4,0,0,2,0,1,2,0,0,0,1
0,209.3,37,12,42,0,0,2,2,1,0,0,0,0,0,0
1,423.2,28,2,12,0,0,0,0,0,0,0,0,0,0,0
1,285.2,14,5,10,0,0,0,0,0,0,0,0,0,0,0
1,391,5,7,18,0,1,0,0,0,0,1,0,0,0,0
0,227.7,32,5,16,1,0,1,0,0,0,0,0,0,0,0
1,632.5,37,14,38,4,1,0,1,0,0,0,0,0,0,0
1,158.7,28,2,12,0,0,0,0,0,0,0,0,0,0,0
1,372.6,23,5,18,0,0,0,0,1,0,0,0,0,0,0
1,526.7,37,2,16,0,0,0,0,0,0,1,0,0,0,1
1,469.2,74,9,44,0,0,1,1,0,1,1,1,0,1,0
1,370.3,23,2,10,0,0,0,0,0,0,0,0,0,0,0
1,641.7,23,5,16,1,0,0,0,0,0,0,0,0,0,0
1,434.7,41,7,32,0,1,0,0,1,1,0,0,1,0,0
1,492.2,14,2,6,0,0,0,0,0,0,0,0,0,0,0
1,379.5,28,18,32,1,2,1,1,0,1,0,1,0,1,1
1,503.7,28,14,34,2,1,0,0,0,1,1,0,0,0,0
1,510.6,78,21,54,1,0,4,2,1,0,1,0,0,0,0
1,460,37,5,18,0,0,0,0,1,1,0,0,0,0,0
1,278.3,28,2,12,0,0,0,0,0,0,0,0,0,0,0
1,646.3,69,2,30,0,0,0,0,0,1,0,0,0,0,0
1,262.2,5,16,18,0,1,1,0,1,0,0,0,0,0,1
1,133.4,23,5,16,0,0,1,0,0,0,0,0,0,0,0
1,308.2,14,5,14,0,1,0,0,0,0,0,0,0,0,0
1,285.2,32,2,14,0,0,1,0,0,0,0,0,0,0,0
1,501.4,9,5,8,0,0,0,0,0,0,0,0,0,0,0
1,545.1,28,2,12,0,0,0,0,0,0,0,0,0,0,0
1,524.4,60,5,28,0,0,0,0,1,0,1,0,0,0,0
1,547.4,37,9,32,0,0,2,1,0,1,0,1,0,1,0
0,609.5,9,5,8,0,0,0,0,0,0,0,0,0,0,1
0,271.4,32,5,22,1,0,0,1,0,0,0,0,0,0,0
1,614.1,37,2,16,1,0,0,0,0,0,0,0,0,0,0
0,460,37,5,18,2,0,0,0,0,0,0,0,0,0,1
1,625.6,9,28,30,4,0,0,1,0,0,2,0,0,0,0
1,354.2,14,5,14,0,0,1,0,0,0,0,0,0,0,0
1,660.1,69,2,30,0,0,0,0,0,0,1,0,0,0,0
1,496.8,32,21,66,1,1,3,1,0,1,2,0,0,0,0
0,158.7,28,5,18,0,0,1,0,0,0,0,0,0,0,0
1,98.9,37,2,16,0,0,0,0,1,0,0,0,0,0,0
0,126.5,32,2,14,0,0,1,0,0,0,0,0,0,0,0
1,545.1,37,2,16,0,0,0,1,0,0,0,0,0,0,0
1,448.5,14,2,6,0,0,0,0,0,0,0,0,0,0,0
0,736,23,5,14,1,0,0,0,0,0,0,0,0,0,0
0,71.3,9,2,4,0,0,0,0,0,0,0,0,0,0,0
1,216.2,23,14,30,2,0,0,0,0,1,1,0,0,0,0
1,216.2,18,5,12,0,0,0,0,0,0,0,0,0,0,0
1,416.3,28,9,28,1,0,2,0,0,0,0,0,0,0,0
1,609.5,37,5,24,1,0,1,0,0,0,0,1,0,0,0
1,510.6,64,21,60,2,1,3,0,2,0,1,0,0,0,0
1,471.5,32,28,56,1,0,4,1,0,5,1,0,0,0,0
1,853.3,23,23,52,3,2,1,1,1,0,0,0,0,0,0
1,287.5,41,2,18,0,0,1,0,0,0,0,0,0,0,0
1,496.8,37,5,24,0,0,0,0,0,1,1,0,0,0,0
1,625.6,28,2,12,0,0,0,0,0,0,0,0,0,0,1
1,747.5,9,5,10,0,0,0,0,0,0,0,0,0,0,0
1,439.3,9,5,10,0,0,0,0,0,0,0,0,0,0,0
1,496.8,23,2,10,0,0,0,0,0,0,0,0,0,0,1
0,802.7,28,14,40,0,0,2,1,1,1,0,0,0,0,0
0,492.2,23,5,12,0,0,0,0,0,0,0,0,0,0,0
0,370.3,5,12,18,1,0,0,0,0,0,0,0,0,0,0
1,243.8,32,2,14,0,0,0,1,0,0,0,0,0,0,0
1,202.4,69,5,38,0,1,0,0,0,1,0,0,0,0,0
1,862.5,51,21,48,3,0,2,0,1,2,1,0,0,0,0
1,441.6,28,2,12,0,0,0,0,0,0,0,0,0,0,1
1,600.3,9,23,58,1,1,3,1,3,0,0,0,0,0,0
1,768.2,51,9,36,2,0,2,0,0,0,0,0,0,0,0
1,186.3,51,5,26,0,0,1,0,0,1,0,0,0,0,0
1,289.8,23,5,16,1,0,0,0,0,0,0,0,0,0,0
1,409.4,18,2,8,0,0,0,0,0,0,0,0,0,0,0
1,407.1,78,5,38,1,1,0,0,0,0,0,0,0,0,0
1,197.8,14,5,10,0,0,0,0,0,0,0,0,0,0,0
1,864.8,23,23,54,1,2,3,1,2,0,0,0,0,0,0
1,255.3,18,2,8,0,0,0,0,0,0,0,0,0,0,0
1,611.8,14,5,14,0,0,0,1,0,0,0,0,0,0,1
1,450.8,32,5,22,0,0,0,2,0,0,0,0,0,0,0
1,864.8,28,21,34,2,1,1,2,1,1,0,1,1,1,0
1,510.6,32,21,50,2,1,1,1,0,4,0,0,0,0,1
0,570.4,64,5,30,0,1,0,0,0,1,0,0,0,0,0
1,460,23,2,10,0,0,0,0,0,0,0,0,0,0,0
1,655.5,5,2,2,0,0,0,0,0,0,0,0,0,0,0
0,696.9,28,5,16,1,0,0,0,0,0,0,0,0,0,0
0,303.6,41,5,20,0,0,1,0,0,0,1,0,0,0,0
0,742.9,28,5,20,1,0,0,0,0,0,0,0,0,0,0
1,305.9,37,12,40,1,1,2,0,0,1,0,0,0,0,0
1,609.5,18,5,10,0,0,0,0,0,0,0,0,0,0,0
0,333.5,9,2,4,0,0,0,0,0,0,0,0,0,0,1
0,142.6,69,2,30,0,0,0,0,0,0,1,0,0,0,0
0,179.4,23,12,24,1,0,1,1,0,0,0,0,0,0,0
1,432.4,18,16,34,2,0,1,1,0,0,0,0,0,0,0
0,92,28,5,18,0,0,1,0,0,0,0,0,0,0,0
1,393.3,14,23,44,1,1,1,1,2,0,1,0,0,0,0
1,713,28,18,46,1,0,2,0,1,2,1,0,0,0,0
1,262.2,23,2,10,0,0,0,0,0,0,0,0,0,0,0
1,234.6,64,5,30,0,1,1,0,0,0,0,1,0,0,0
1,595.7,18,12,20,0,0,0,1,0,0,2,0,0,0,0
0,694.6,9,18,32,3,0,0,1,0,0,1,0,0,0,0
0,485.3,64,12,48,1,1,0,1,1,0,1,0,1,0,0
0,959.1,32,25,70,1,1,3,0,2,3,1,0,0,0,1
0,356.5,37,9,26,2,0,1,1,0,0,0,0,0,0,0
1,257.6,41,5,24,1,0,0,0,0,0,1,0,0,0,0
0,363.4,18,2,8,0,0,0,0,0,0,0,0,0,0,0
1,80.5,32,2,14,0,0,1,0,0,0,0,0,0,0,0
0,243.8,37,2,16,0,0,0,1,0,0,0,0,0,0,0
1,133.4,9,2,4,0,0,0,0,0,0,0,0,0,0,0
0,105.8,51,5,28,0,0,1,0,0,0,1,0,0,0,0
0,547.4,32,16,28,2,1,0,2,1,1,0,0,0,0,0
1,724.5,32,12,34,3,0,1,0,0,0,1,0,0,0,0
0,496.8,51,2,22,0,0,0,0,0,1,0,0,0,0,0
1,243.8,9,2,4,0,0,0,0,0,0,0,0,0,0,0
1,151.8,5,2,2,0,0,0,0,0,0,0,0,0,0,0
1,535.9,18,28,36,2,1,1,1,1,0,0,0,0,0,0
1,186.3,69,5,32,1,0,0,0,0,0,1,0,0,0,0
1,128.8,32,2,14,0,0,0,0,0,0,0,0,0,0,0
1,441.6,69,5,36,0,0,2,0,0,0,0,0,0,0,0
1,338.1,32,16,44,1,0,3,0,2,0,1,0,0,0,0
1,524.4,64,18,66,3,0,0,1,2,0,2,0,0,0,0
1,365.7,37,5,20,1,0,0,0,0,0,1,0,0,0,0
1,328.9,32,2,14,0,0,0,1,0,0,0,0,0,0,0
1,786.6,60,23,82,4,1,1,1,0,1,2,0,0,0,0
1,669.3,83,2,36,0,0,1,0,0,0,0,0,0,0,0
1,492.2,69,2,30,0,0,0,1,0,0,0,0,0,0,0
0,653.2,78,9,44,0,2,0,1,0,0,1,0,0,0,0
1,52.9,41,2,18,1,0,0,0,0,0,0,0,0,0,0
1,326.6,74,2,32,1,0,0,0,0,0,0,0,0,0,0
1,457.7,18,2,8,0,0,0,0,0,0,0,0,0,0,0
1,535.9,23,5,14,0,1,0,0,0,0,0,0,0,0,0
0,342.7,28,5,18,0,0,1,0,0,0,0,0,0,0,0
1,303.6,46,7,36,1,0,1,0,0,1,0,0,0,0,0
1,531.3,5,5,8,0,0,0,0,0,0,0,0,0,0,0
1,259.9,32,5,20,0,0,0,1,0,1,0,0,0,0,0
1,492.2,14,5,10,0,0,0,0,0,0,0,0,0,0,0
1,98.9,23,5,14,1,0,0,0,0,0,0,0,0,0,0
1,844.1,28,25,70,4,1,3,0,0,0,2,0,0,0,0
0,473.8,46,2,20,1,0,0,0,0,0,0,0,0,0,0
1,393.3,28,5,14,1,0,0,0,0,0,0,0,0,0,0
1,669.3,28,25,34,2,0,0,0,2,1,5,0,0,0,1
1,724.5,5,12,28,1,0,1,0,1,0,0,1,0,0,1
1,384.1,32,2,14,1,0,0,0,0,0,0,0,0,0,0
1,163.3,23,2,10,0,0,0,0,0,0,0,0,0,0,0
1,657.8,28,5,14,1,0,0,0,0,0,0,0,0,0,1
1,423.2,37,2,16,1,0,0,0,0,0,0,0,0,0,0
0,400.2,18,2,8,0,0,0,0,0,0,0,0,0,0,0
1,287.5,37,14,46,1,0,3,1,0,1,0,0,0,0,0
1,71.3,23,5,12,0,0,0,0,0,0,0,0,0,0,0
1,549.7,37,2,16,0,0,0,1,0,0,0,0,0,0,0
1,650.9,23,5,16,1,0,0,0,0,0,0,0,0,0,0
1,653.2,78,5,38,0,0,1,1,0,0,0,0,0,0,0
0,393.3,18,5,16,0,0,1,0,0,0,0,0,0,0,0
0,342.7,23,2,10,0,0,0,0,0,0,0,0,0,0,0
0,184,5,5,10,0,0,0,0,0,0,0,0,0,0,0
0,322,23,2,10,0,0,0,0,0,0,0,0,0,0,0
1,154.1,55,5,32,0,0,1,1,0,0,0,0,0,0,0
0,209.3,78,2,34,1,0,0,0,0,0,0,0,0,0,0
1,425.5,23,2,10,0,0,0,0,0,0,0,0,0,0,0
1,696.9,23,5,14,1,0,0,0,0,0,0,0,0,0,0
1,768.2,18,7,20,0,0,1,0,0,1,0,0,0,0,0
1,648.6,5,23,38,2,0,0,1,0,0,2,0,0,0,1
1,690,5,5,6,0,0,0,0,0,0,0,0,0,0,0
1,473.8,28,5,14,1,0,0,0,0,0,0,0,0,0,0
1,455.4,23,7,16,2,0,0,0,0,0,0,0,0,0,0
1,432.4,23,23,58,1,2,3,0,2,1,0,0,0,0,0
1,772.8,18,23,66,4,2,1,1,1,0,0,0,0,0,0
1,349.6,14,16,36,1,1,1,1,0,0,0,0,0,0,0
1,607.2,28,9,26,0,2,0,0,0,0,1,0,0,0,0
0,202.4,23,7,26,0,0,1,0,0,1,0,0,0,0,0
1,167.9,14,5,8,0,0,0,0,0,0,0,0,0,0,0
0,630.2,60,2,26,0,0,0,0,0,0,1,0,0,0,0
0,52.9,5,2,2,0,0,0,0,0,0,0,0,0,0,0
1,211.6,14,2,6,0,0,0,0,0,0,0,0,0,0,1
1,172.5,74,2,32,1,0,0,0,0,0,0,0,0,0,0
1,430.1,9,5,12,0,0,0,0,0,0,0,0,0,0,0
1,197.8,18,2,8,0,0,0,0,0,0,0,0,0,0,0
0,186.3,9,2,4,0,0,0,0,0,0,0,0,0,0,0
1,464.6,28,2,12,0,0,0,0,0,0,0,0,0,0,0
1,975.2,55,21,58,1,0,4,1,0,1,2,2,0,0,0
0,625.6,28,5,14,0,0,0,0,1,0,0,0,0,0,0
1,188.6,18,2,8,0,0,0,0,0,0,0,0,0,0,0
1,499.1,28,5,18,0,0,0,1,0,0,0,0,0,0,0
1,174.8,74,5,40,0,1,0,1,0,0,0,0,0,0,0
1,630.2,32,5,16,0,0,1,0,0,1,0,0,0,0,0
0,439.3,14,5,8,0,0,0,0,0,0,0,0,0,0,0
0,377.2,32,12,34,2,1,0,0,0,0,1,0,0,0,0
0,158.7,23,9,22,1,0,0,1,0,0,0,0,0,0,0
1,439.3,18,21,58,1,1,0,1,1,0,2,0,0,0,0
1,476.1,60,14,58,2,0,0,0,2,1,1,0,1,1,1
1,471.5,37,12,38,2,1,0,0,0,1,1,0,0,1,0
1,188.6,23,9,22,2,0,0,1,0,0,0,0,0,0,0
1,416.3,60,28,62,4,2,1,4,0,1,0,1,0,1,0
1,535.9,37,2,16,1,0,0,0,0,0,0,0,0,0,0
1,356.5,78,12,46,4,0,1,0,0,0,0,0,0,0,0
1,299,37,2,16,0,0,0,1,0,0,0,0,0,0,0
0,922.3,37,18,54,1,0,2,1,0,2,2,1,0,1,0
1,786.6,37,18,56,2,0,1,0,1,2,2,0,0,0,0
0,317.4,32,2,14,0,0,1,0,0,0,0,0,0,0,0
0,876.3,23,21,44,4,0,0,1,1,1,1,0,0,0,0
1,391,18,2,8,0,0,0,0,0,0,0,0,0,0,0
0,556.6,9,2,4,0,0,0,0,0,0,0,0,0,0,0
0,630.2,46,14,38,1,1,1,1,1,0,1,1,0,0,0
1,361.1,14,5,14,0,0,1,0,0,0,0,0,0,0,0
1,407.1,23,21,30,0,1,1,1,1,2,0,1,1,1,0
1,556.6,78,21,66,2,1,3,0,1,1,1,1,0,0,0
0,161,5,5,10,0,0,0,0,0,0,0,0,0,0,0
1,515.2,41,5,22,0,0,1,0,0,1,0,0,0,0,0
1,512.9,5,5,10,0,0,0,0,0,0,0,0,0,0,0
1,487.6,28,28,42,0,0,3,3,1,3,1,0,0,0,0
1,285.2,32,2,14,1,0,0,0,0,0,0,0,0,0,0
1,305.9,41,5,22,0,0,0,0,0,0,2,0,0,0,0
1,126.5,28,2,12,0,0,0,0,0,0,0,0,0,0,0
1,747.5,32,5,20,1,0,0,0,0,0,0,0,0,0,0
1,489.9,23,5,18,0,0,0,1,0,0,0,0,0,0,0
1,393.3,60,5,32,1,0,0,0,1,0,0,0,0,0,0
1,524.4,9,5,10,0,0,0,0,0,0,0,0,0,0,0
1,694.6,14,5,8,0,0,0,0,0,0,0,0,0,0,0
1,142.6,32,2,14,0,0,0,0,1,0,0,0,0,0,0
1,696.9,28,5,16,0,0,0,0,0,0,1,0,0,0,0
1,455.4,37,2,16,1,0,0,0,0,0,0,0,0,0,0
0,365.7,32,5,20,1,0,0,1,0,0,0,0,0,0,0
1,952.2,23,21,40,1,1,3,2,0,0,1,2,0,0,0
1,540.5,37,5,20,0,1,0,1,0,0,0,0,0,0,0
1,738.3,5,5,8,0,0,0,0,0,0,0,0,0,0,0
1,529,74,5,38,0,0,0,0,0,1,1,0,0,0,0
1,324.3,9,14,36,0,2,0,0,0,1,0,0,0,0,1
0,673.9,5,5,4,0,0,0,0,0,0,0,0,0,0,1
0,690,14,2,6,0,0,0,0,0,0,0,0,0,0,0
0,227.7,23,12,38,0,0,0,1,0,1,1,0,0,0,1
0,903.9,55,18,68,1,1,4,0,1,1,0,0,0,0,0
1,377.2,5,14,20,0,0,1,0,0,0,0,0,0,0,0
1,625.6,32,5,16,0,0,0,0,1,0,0,0,0,0,0
1,255.3,18,5,14,0,0,0,0,1,0,0,0,0,0,1
1,588.8,32,28,40,2,0,4,2,1,3,0,0,0,0,0
1,632.5,46,5,24,0,0,2,0,0,0,0,1,0,0,0
1,770.5,9,9,16,1,0,0,0,0,0,0,0,0,0,0
1,733.7,28,25,58,2,0,3,1,1,1,2,0,0,0,0
0,82.8,41,2,18,0,0,0,0,1,0,0,0,0,0,0
1,501.4,37,14,42,1,1,3,1,0,0,0,0,0,0,0
1,338.1,28,5,14,0,0,0,1,0,0,0,0,0,0,0
0,110.4,9,5,8,0,0,0,0,0,0,0,0,0,0,0
1,729.1,32,23,42,3,1,2,1,1,1,1,0,0,0,1
1,618.7,37,2,16,0,0,0,0,0,1,0,0,0,0,1
1,561.2,14,23,40,2,0,1,1,2,0,1,0,0,0,0
1,1016.6,32,28,40,3,2,2,0,0,1,4,1,0,1,0
0,699.2,37,5,24,0,0,0,1,0,1,0,0,0,0,0
1,80.5,74,2,32,1,0,0,0,0,0,0,0,0,0,0
1,922.3,37,18,42,4,0,1,2,0,1,0,1,0,1,0
1,301.3,5,9,12,0,0,0,0,0,0,0,0,0,0,1
1,715.3,46,2,20,0,1,0,0,0,0,0,0,0,0,0
1,131.1,28,5,14,0,0,1,0,0,0,0,0,0,0,0
0,386.4,37,5,20,1,0,0,0,0,0,1,0,0,0,0
0,179.4,28,5,14,0,0,0,0,1,0,0,0,0,0,1
0,50.6,18,2,8,0,0,0,0,0,0,0,0,0,0,0
0,646.3,32,25,58,2,0,3,3,0,2,1,0,0,0,0
1,400.2,78,5,42,0,1,0,1,0,0,0,0,0,0,0
1,899.3,83,18,68,1,3,1,2,0,0,1,0,0,0,0
1,243.8,18,5,16,1,0,0,0,0,0,0,0,0,0,0
1,692.3,78,5,40,1,0,0,0,0,1,0,0,0,0,0
1,184,14,5,10,0,0,0,0,0,0,0,0,0,0,0
0,800.4,23,18,32,1,1,1,2,0,1,0,1,0,1,0
1,349.6,14,2,6,0,0,0,0,0,0,0,0,0,0,0
0,395.6,74,5,38,1,0,0,0,0,1,0,0,0,0,1
1,133.4,32,2,14,0,0,0,0,1,0,0,0,0,0,0
1,225.4,5,5,6,0,0,0,0,0,0,0,0,0,0,0
1,648.6,9,5,10,0,0,0,0,0,0,0,0,0,0,0
1,202.4,18,12,34,0,0,1,0,0,0,2,0,0,0,1
1,487.6,32,21,36,2,1,3,0,1,0,2,1,1,0,0
0,418.6,74,5,38,1,1,0,0,0,0,0,0,0,0,0
1,503.7,18,2,8,0,0,0,0,0,0,0,0,0,0,0
0,361.1,28,7,28,0,0,1,0,1,0,0,0,0,0,0
0,487.6,28,2,12,0,0,0,0,0,0,0,0,0,0,0
0,588.8,37,16,40,1,1,1,2,0,1,1,0,0,0,0
0,692.3,9,7,18,1,0,0,1,0,0,0,0,0,0,0
0,480.7,23,28,50,3,0,3,1,1,0,1,0,0,0,0
1,473.8,23,7,16,0,0,1,0,0,0,0,0,0,0,0
0,223.1,32,5,16,0,0,0,0,2,0,0,0,1,0,1
0,170.2,51,5,26,1,0,0,0,0,1,0,0,0,0,0
1,294.4,28,5,18,0,1,0,0,0,0,0,0,0,0,0
0,269.1,23,2,10,0,0,0,0,0,0,0,0,0,0,0
1,142.6,55,5,28,0,1,1,0,0,0,0,0,0,0,0
0,602.6,9,2,4,0,0,0,0,0,0,0,0,0,0,0
1,529,9,2,4,0,0,0,0,0,0,0,0,0,0,0
1,963.7,18,25,52,4,0,1,0,1,1,2,1,1,1,1
0,464.6,23,2,10,0,0,0,0,0,0,0,0,0,0,0
1,609.5,18,2,8,0,0,0,0,0,0,0,0,0,0,0
1,699.2,74,2,32,0,0,0,0,1,0,0,0,0,0,0
1,220.8,37,2,16,0,0,1,0,0,0,0,0,0,0,0
1,193.2,37,9,36,1,0,0,1,1,1,0,0,0,0,0
1,43.7,32,2,14,0,0,1,0,0,0,0,0,0,0,0
1,356.5,14,2,6,0,0,0,0,0,0,0,0,0,0,0
1,161,69,5,38,1,0,1,0,0,0,0,0,0,0,0
1,255.3,5,2,2,0,0,0,0,0,0,0,0,0,0,0
1,669.3,14,5,10,0,0,0,0,0,0,0,0,0,0,1
1,379.5,23,2,10,0,0,0,0,0,0,0,0,0,0,0
1,690,60,18,70,1,3,0,2,0,1,1,0,0,0,0
1,696.9,46,5,28,0,0,0,0,0,0,2,0,0,0,0
0,163.3,28,2,12,0,0,0,0,0,0,0,0,0,0,0
1,779.7,32,21,52,4,0,1,2,0,2,0,0,0,0,0
1,363.4,46,14,32,3,0,1,1,1,0,0,0,0,0,0
1,404.8,18,14,30,0,0,2,0,2,0,0,0,0,0,0
0,105.8,37,5,24,1,0,0,0,0,0,1,0,0,0,0
1,269.1,18,5,16,0,0,0,1,0,0,0,0,0,0,0
1,595.7,23,2,10,0,0,0,0,0,0,0,0,0,0,0
1,600.3,37,2,16,0,0,0,0,1,0,0,0,0,0,0
1,722.2,23,23,48,2,2,3,1,1,0,0,0,0,0,0
0,276,32,5,22,1,0,0,0,0,0,0,0,0,0,0
0,678.5,14,5,14,1,0,0,0,0,0,0,0,0,0,0
1,432.4,41,5,26,0,1,0,0,1,0,0,0,1,0,0
0,292.1,9,5,12,0,0,0,0,0,0,0,0,0,0,1
1,542.8,23,7,20,0,0,1,1,0,0,0,0,0,0,0
1,600.3,32,2,14,0,0,0,0,0,1,0,0,0,0,0
1,752.1,32,12,24,1,0,2,1,0,1,0,1,0,0,0
1,434.7,23,2,10,0,0,0,0,0,0,0,0,0,0,1
1,747.5,9,23,40,1,2,2,3,0,1,0,1,0,0,0
1,220.8,32,2,14,1,0,0,0,0,0,0,0,0,0,0
1,340.4,37,2,16,0,0,0,0,1,0,0,0,0,0,0
0,678.5,23,2,10,0,0,0,0,0,0,0,0,0,0,0
1,161,9,5,8,0,0,0,0,0,0,0,0,0,0,0
1,220.8,74,5,40,0,1,0,1,0,0,0,0,0,0,0
1,225.4,23,5,16,1,0,0,0,0,0,0,0,0,0,0
1,598,37,5,20,1,0,0,0,0,1,0,0,0,0,0
0,768.2,46,12,44,1,0,1,2,1,0,0,0,0,0,0
0,156.4,9,5,10,0,0,0,0,0,0,0,0,0,0,1
0,361.1,23,16,36,0,1,4,0,1,0,0,1,0,0,0
1,552,74,5,34,0,1,0,0,0,0,1,0,0,0,0
1,59.8,18,2,8,0,0,0,0,0,0,0,0,0,0,0
0,634.8,5,5,6,0,0,0,0,0,0,0,0,0,0,0
1,494.5,14,9,26,2,0,0,0,0,1,0,0,0,0,0
1,402.5,32,2,14,0,0,0,0,0,0,0,0,0,0,0
1,526.7,78,2,34,0,0,0,1,0,0,0,0,0,0,0
1,552,78,5,40,1,0,0,0,0,1,0,0,0,0,0
0,855.6,23,28,44,0,1,3,2,0,2,1,1,0,1,0
1,538.2,5,2,2,0,0,0,0,0,0,0,0,0,0,0
1,710.7,41,5,26,1,0,0,0,0,1,0,0,0,0,0
1,515.2,5,25,52,1,1,1,0,0,1,3,1,0,0,1
1,855.6,9,21,34,2,2,2,0,0,0,1,1,0,0,0
0,954.5,64,28,72,4,2,2,0,1,1,2,2,1,1,0
1,243.8,23,7,28,1,0,0,0,0,0,0,0,0,0,0
1,699.2,23,5,16,0,0,0,0,0,1,0,0,0,0,0
1,598,41,2,18,0,0,0,1,0,0,0,0,0,0,0
0,593.4,5,2,2,0,0,0,0,0,0,0,0,0,0,1
1,299,32,5,22,0,0,1,1,0,0,0,0,0,0,0
0,611.8,28,5,18,0,1,0,0,0,0,0,0,0,0,0
0,386.4,37,5,20,0,0,1,0,0,1,0,0,0,1,0
0,128.8,9,2,4,0,0,0,0,0,0,0,0,0,0,0
1,262.2,5,7,14,1,0,0,0,0,0,0,0,0,0,0
1,448.5,28,2,12,0,0,0,0,0,0,0,0,0,0,0
1,708.4,14,5,8,0,0,0,0,0,0,0,0,0,0,0
1,181.7,23,2,10,0,0,0,0,0,0,0,0,0,0,0
1,940.7,14,23,48,3,0,2,2,1,0,1,0,0,0,0
1,179.4,37,2,16,1,0,0,0,0,0,0,0,0,0,0
1,466.9,32,5,22,0,0,1,0,1,0,0,0,0,0,0
1,446.2,78,23,72,1,2,1,1,0,2,3,1,0,1,0
1,432.4,37,2,16,0,0,1,0,0,0,0,0,0,0,0
1,151.8,23,2,10,0,0,0,0,0,0,0,0,0,0,0
1,887.8,32,16,44,1,1,0,0,2,2,1,0,0,0,0
1,446.2,23,12,34,1,0,1,0,1,0,1,0,0,0,0
1,878.6,23,25,58,3,1,1,3,0,0,1,1,0,0,0
0,147.2,5,5,6,0,0,0,0,0,0,0,0,0,0,1
1,443.9,28,25,44,3,0,2,1,1,1,2,0,0,0,0
0,271.4,18,2,8,0,0,0,0,0,0,0,0,0,0,1
0,144.9,18,2,8,0,0,0,0,0,0,0,0,0,0,0
1,154.1,9,2,4,0,0,0,0,0,0,0,0,0,0,1
1,740.6,55,5,30,0,0,0,0,0,1,1,0,0,0,0
1,55.2,83,2,36,1,0,0,0,0,0,0,0,0,0,0
0,526.7,55,9,32,1,0,1,0,0,1,1,1,0,0,0
1,328.9,23,5,16,0,0,1,0,0,0,0,0,0,0,0
1,248.4,28,2,12,0,0,0,0,0,0,0,0,0,0,0
1,747.5,37,7,32,0,0,1,0,0,1,1,0,0,0,0
1,211.6,18,7,16,0,0,1,0,0,0,0,0,0,0,0
0,690,28,23,52,1,3,1,1,1,0,2,0,0,0,0
0,388.7,78,12,46,0,2,2,0,0,1,0,1,0,1,0
1,478.4,41,2,18,0,0,0,0,0,0,1,0,0,0,0
1,414,28,7,22,0,0,1,0,0,0,0,0,0,0,0
1,632.5,5,5,4,0,0,0,0,0,0,0,0,0,0,0
0,506,60,12,44,2,1,1,0,0,0,1,0,0,0,0
1,317.4,18,5,14,0,0,0,0,0,0,0,0,0,0,0
1,731.4,51,5,30,0,0,0,0,1,0,1,0,0,0,0
1,255.3,60,14,42,0,1,1,1,2,1,0,0,0,0,0
1,322,18,2,8,0,0,0,0,0,0,0,0,0,0,0
0,135.7,9,5,10,0,0,0,0,0,0,0,0,0,0,0
1,483,64,2,28,0,0,1,0,0,0,0,0,0,0,0
1,558.9,5,18,48,0,0,0,1,3,2,0,0,0,0,1
0,614.1,51,2,22,1,0,0,0,0,0,0,0,0,0,0
1,678.5,23,12,34,1,1,0,0,1,0,0,0,0,0,0
1,593.4,55,14,44,1,1,2,0,0,1,1,1,0,0,0
1,851,74,25,64,4,1,4,1,1,0,0,0,0,0,0
1,363.4,5,5,4,0,0,0,0,0,0,0,0,0,0,1
1,393.3,28,2,12,0,0,0,0,0,0,0,0,0,0,0
1,607.2,37,5,18,0,0,0,1,0,0,1,0,0,0,0
1,825.7,23,28,76,1,2,2,2,0,2,1,0,0,0,0
1,39.1,46,2,20,0,0,1,0,0,0,0,0,0,0,0
1,190.9,28,2,12,0,0,0,0,0,0,0,0,0,0,0
0,471.5,9,9,26,1,0,1,0,0,1,0,0,0,0,1
1,177.1,23,2,10,0,0,0,0,0,0,0,0,0,0,0
0,604.9,46,2,20,1,0,0,0,0,0,0,0,0,0,0
1,374.9,78,23,70,1,1,3,2,0,0,3,0,0,0,0
1,517.5,18,2,8,0,0,0,0,0,0,0,0,0,0,0
1,501.4,60,2,26,1,0,0,0,0,0,0,0,0,0,0
1,411.7,32,2,14,0,0,0,1,0,0,0,0,0,0,0
1,213.9,28,5,14,1,0,0,0,0,0,0,0,0,0,0
0,177.1,60,12,50,0,3,0,1,0,0,1,0,0,0,0
0,361.1,28,5,18,0,1,0,0,0,0,0,0,0,0,0
1,278.3,32,18,42,1,1,2,2,1,1,0,1,0,0,0
0,512.9,23,21,42,1,1,1,1,0,1,0,0,0,0,0
0,630.2,5,5,6,0,0,0,0,0,0,0,0,0,0,0
0,846.4,18,21,36,3,0,1,0,1,0,1,0,0,0,0
0,342.7,28,2,12,0,0,0,0,0,0,0,0,0,0,0
1,400.2,23,9,24,1,0,2,0,0,0,0,0,0,0,0
1,391,18,5,10,0,0,0,0,0,0,0,0,0,0,0
1,241.5,28,2,12,0,0,0,0,0,0,0,0,0,0,1
0,193.2,23,2,10,0,0,0,0,0,0,0,0,0,0,0
0,349.6,28,5,14,1,0,0,0,0,0,0,0,0,0,0
1,641.7,37,5,22,1,0,0,0,0,0,1,0,0,0,0
0,1046.5,37,25,40,4,0,3,2,1,0,1,0,0,0,0
1,400.2,18,5,12,0,0,0,0,0,0,0,0,0,0,1
1,273.7,37,2,16,0,0,1,0,0,0,0,0,0,0,0
1,915.4,23,28,68,3,1,3,1,0,1,2,0,0,0,0
0,280.6,23,5,14,0,0,0,0,1,0,0,0,0,0,0
1,331.2,32,21,52,1,1,3,0,3,0,1,1,1,0,0
1,690,37,5,22,0,1,1,0,0,0,0,1,0,0,0
1,232.3,5,9,18,2,0,0,0,0,0,0,0,0,0,0
1,519.8,14,2,6,0,0,0,0,0,0,0,0,0,0,0
1,853.3,18,21,40,2,0,1,1,1,1,2,0,0,0,1
1,492.2,28,25,40,2,1,1,2,2,1,1,0,0,0,0
1,660.1,9,7,16,0,1,0,0,0,0,0,0,0,0,0
0,315.1,18,16,34,3,0,0,0,0,1,1,0,0,0,1
1,692.3,14,2,6,0,0,0,0,0,0,0,0,0,0,0
1,322,23,21,62,0,0,1,2,0,2,3,0,0,0,1
0,188.6,69,2,30,0,0,0,1,0,0,0,0,0,0,0
1,524.4,14,2,6,0,0,0,0,0,0,0,0,0,0,0
1,657.8,5,5,4,0,0,0,0,0,0,0,0,0,0,1
1,262.2,14,2,6,0,0,0,0,0,0,0,0,0,0,0
1,694.6,69,16,66,2,2,1,0,0,1,1,0,0,0,0
1,414,83,5,42,0,0,0,1,0,0,1,0,0,0,0
0,519.8,37,28,76,5,0,2,2,1,0,2,0,0,0,0
0,294.4,37,2,16,0,1,0,0,0,0,0,0,0,0,0
0,416.3,32,5,20,0,0,1,0,1,0,0,0,0,0,0
0,154.1,9,5,8,0,0,0,0,0,0,0,0,0,0,0
1,938.4,28,23,66,2,2,2,1,1,0,1,0,0,0,0
1,161,23,5,14,0,0,1,0,0,0,0,0,0,0,0
1,462.3,23,2,10,0,0,0,0,0,0,0,0,0,0,0
1,598,46,5,26,0,2,0,0,0,0,0,0,0,0,0
1,158.7,23,2,10,0,0,0,0,0,0,0,0,0,0,0
0,92,32,5,16,1,0,0,1,0,0,0,0,0,0,0
1,391,9,2,4,0,0,0,0,0,0,0,0,0,0,0
0,598,14,12,32,1,0,0,0,1,1,0,0,0,0,1
1,351.9,28,2,12,0,0,0,0,0,0,0,0,0,0,0
1,266.8,32,5,20,1,0,1,0,0,0,0,0,0,0,0
1,432.4,18,2,8,0,0,0,0,0,0,0,0,0,0,0
1,308.2,55,5,28,1,1,0,0,0,0,0,0,0,0,0
1,264.5,69,12,50,1,1,0,1,1,1,0,0,0,0,0
1,593.4,5,5,8,0,0,0,0,0,0,0,0,0,0,1
1,627.9,28,5,16,0,0,0,1,0,0,0,0,0,0,0
1,726.8,18,5,16,1,0,0,0,0,0,0,0,0,0,0
1,634.8,28,12,26,1,1,1,1,0,0,0,0,0,0,0
0,515.2,23,2,10,0,0,0,0,0,0,0,0,0,0,1
1,519.8,37,16,56,2,0,1,1,2,1,0,0,1,0,0
1,469.2,51,2,22,1,0,0,0,0,0,0,0,0,0,0
1,469.2,28,28,80,3,1,2,2,0,1,2,1,0,0,0
1,478.4,51,12,40,1,0,3,0,1,0,0,0,0,0,0
0,791.2,14,25,38,3,0,2,1,2,0,1,2,0,0,0
1,94.3,18,5,10,0,0,0,0,0,0,0,0,0,0,0
1,533.6,64,16,42,2,1,0,1,1,2,0,0,0,0,0
1,503.7,37,18,52,4,1,1,0,1,1,0,0,0,0,0
0,331.2,23,5,16,0,1,0,0,0,0,0,0,0,0,0
0,273.7,28,14,30,0,0,0,1,1,1,2,0,0,0,1
1,984.4,37,23,76,3,1,3,0,1,1,1,1,0,1,0
0,857.9,32,18,44,0,0,1,5,0,0,2,0,0,0,0
1,483,51,5,28,0,0,1,1,0,0,0,0,0,0,0
1,186.3,32,2,14,0,0,0,1,0,0,0,0,0,0,0
1,814.2,55,12,34,1,1,0,0,1,1,1,0,0,0,0
1,581.9,9,2,4,0,0,0,0,0,0,0,0,0,0,0
1,759,32,23,64,0,0,2,2,1,0,4,0,0,0,0
0,46,37,2,16,0,0,0,0,1,0,0,0,0,0,0
1,351.9,14,9,26,2,0,0,0,0,0,1,0,0,0,0
0,802.7,18,16,38,1,1,0,0,1,1,1,0,0,0,0
1,142.6,83,5,38,1,0,1,0,0,0,0,0,0,0,0
0,798.1,5,25,38,3,0,2,0,1,0,1,2,0,0,0
1,680.8,9,2,4,0,0,0,0,0,0,0,0,0,0,0
0,234.6,46,12,34,1,0,0,0,2,1,1,0,1,1,0
0,273.7,37,5,22,0,1,0,0,0,0,1,0,0,0,0
0,508.3,23,16,24,2,0,1,1,1,1,0,1,1,1,0
1,531.3,37,2,16,0,0,0,1,0,0,0,0,0,0,0
1,448.5,46,5,24,0,0,2,0,0,0,0,1,0,0,0
1,713,37,2,16,0,0,0,0,0,1,0,0,0,0,1
0,391,9,2,4,0,0,0,0,0,0,0,0,0,0,0
1,213.9,41,5,26,0,0,0,1,0,1,0,0,0,0,0
1,565.8,18,2,8,0,0,0,0,0,0,0,0,0,0,0
0,443.9,32,2,14,0,0,1,0,0,0,0,0,0,0,0
1,871.7,18,18,54,1,1,0,2,1,1,1,0,0,0,0
1,492.2,28,2,12,0,0,0,0,0,0,0,0,0,0,0
1,646.3,5,23,38,2,2,1,1,1,0,2,0,0,0,0
1,632.5,5,12,22,0,0,1,0,0,0,0,0,0,0,1
1,368,32,5,16,1,0,0,0,0,0,0,0,0,0,0
1,402.5,32,2,14,0,1,0,0,0,0,0,0,0,0,0
1,441.6,32,12,24,1,1,1,0,1,0,1,1,1,0,0
1,117.3,28,5,20,0,0,0,0,0,0,1,0,0,0,0
1,696.9,60,2,26,0,0,0,1,0,0,0,0,0,0,0
1,188.6,28,5,16,0,0,1,0,0,0,0,0,0,0,1
1,598,23,2,10,0,0,0,0,0,0,0,0,0,0,0
0,402.5,37,5,20,0,0,0,1,0,0,1,0,0,0,0
1,466.9,46,5,24,1,0,0,0,0,0,1,0,0,0,0
1,402.5,32,5,20,1,1,0,0,0,0,0,0,0,0,0
0,414,37,18,52,2,0,0,2,2,0,2,0,2,0,0
0,604.9,28,25,68,2,1,1,1,3,0,2,0,0,0,1
1,489.9,28,5,14,0,0,1,0,0,0,0,0,0,0,0
1,82.8,5,2,2,0,0,0,0,0,0,0,0,0,0,0
0,839.5,14,25,46,0,2,3,4,0,0,1,1,0,0,0
1,671.6,37,2,16,0,0,0,0,0,0,1,0,0,0,0
1,181.7,46,5,24,0,0,1,0,0,1,0,0,0,0,0
0,501.4,28,5,20,1,0,0,0,0,0,0,0,0,0,0
0,660.1,23,25,74,2,1,1,2,2,0,2,1,0,0,0
1,163.3,14,2,6,0,0,0,0,0,0,0,0,0,0,0
1,434.7,51,5,28,1,1,0,0,0,0,0,0,0,0,0
0,262.2,5,2,2,0,0,0,0,0,0,0,0,0,0,0
0,154.1,37,2,16,0,0,1,0,0,0,0,0,0,0,0
1,517.5,9,5,8,0,0,0,0,0,0,0,0,0,0,0
1,443.9,23,23,40,2,1,1,1,2,1,1,0,0,0,0
0,545.1,28,5,16,1,0,0,0,0,0,0,0,0,0,0
0,142.6,23,5,12,0,0,0,0,0,0,0,0,0,0,0
0,499.1,14,14,28,0,1,2,0,0,0,0,0,0,0,0
0,515.2,28,18,48,1,1,2,0,1,0,2,0,0,0,0
1,204.7,55,2,24,0,0,0,1,0,0,0,0,0,0,0
1,616.4,5,2,2,0,0,0,0,0,0,0,0,0,0,0
1,664.7,14,5,8,0,0,0,0,0,0,0,0,0,0,1
1,478.4,83,2,36,0,0,1,0,0,0,0,0,0,0,0
1,915.4,28,18,50,1,1,0,0,1,1,2,0,0,0,1
1,588.8,46,2,20,0,0,0,0,0,0,1,0,0,0,0
0,404.8,23,5,12,0,0,0,0,0,0,0,0,0,0,1
1,276,51,9,46,0,0,2,1,0,1,0,1,0,0,0
1,476.1,5,12,18,0,1,2,0,0,0,0,1,0,0,0
0,581.9,23,18,54,2,0,2,1,0,1,1,0,0,0,0
1,351.9,28,2,12,0,0,0,0,0,0,0,0,0,0,0
0,535.9,28,23,52,0,0,4,4,0,0,1,0,0,0,0
1,844.1,60,28,86,3,1,4,1,1,0,2,0,0,0,0
0,611.8,37,28,84,3,1,2,1,1,0,4,1,0,0,0
1,356.5,64,5,36,0,2,0,0,0,0,0,0,0,0,0
1,508.3,64,12,42,2,1,1,0,0,0,1,0,0,0,0
1,662.4,23,5,12,0,0,0,0,0,0,0,0,0,0,0
1,278.3,23,2,10,0,0,0,0,0,0,0,0,0,0,0
1,719.9,23,5,18,0,0,1,0,0,0,0,0,0,0,0
0,296.7,9,2,4,0,0,0,0,0,0,0,0,0,0,0
1,285.2,28,5,16,0,1,0,0,0,0,0,0,0,0,0
0,611.8,23,18,50,0,1,2,1,1,1,1,0,0,0,1
1,542.8,9,2,4,0,0,0,0,0,0,0,0,0,0,0
1,117.3,41,5,26,0,0,1,0,1,0,0,0,1,0,0
1,342.7,37,2,16,1,0,0,0,0,0,0,0,0,0,0
1,489.9,78,16,56,1,1,3,1,0,1,0,1,0,1,0
0,524.4,18,5,16,0,0,0,0,0,1,0,0,0,0,0
1,234.6,28,2,12,0,0,0,0,0,0,0,0,0,0,0
1,699.2,28,2,12,0,0,0,0,0,0,0,0,0,0,0
1,763.6,51,14,50,1,1,1,2,0,0,1,0,0,0,0
0,473.8,14,25,70,0,1,3,2,0,2,2,2,0,1,1
1,340.4,5,5,4,0,0,0,0,0,0,0,0,0,0,0
0,432.4,37,18,48,0,0,4,2,0,0,2,0,0,0,0
1,894.7,55,21,52,2,0,1,2,0,0,4,0,0,0,0
1,724.5,37,5,18,1,0,0,0,1,0,0,0,0,0,0
1,397.9,23,18,36,2,1,0,0,1,2,1,0,1,1,0
1,471.5,37,12,30,0,0,2,2,1,0,0,1,0,0,0
0,618.7,41,5,20,0,0,2,0,0,0,0,0,0,0,0
1,370.3,14,7,18,0,0,0,1,0,0,1,0,0,0,0
1,1062.6,51,25,86,0,1,2,4,0,3,1,1,0,1,1
0,669.3,37,5,20,1,0,1,0,0,0,0,0,0,0,0
1,181.7,32,12,26,0,1,1,0,0,1,2,0,0,0,0
0,745.2,28,23,48,1,1,2,4,1,0,0,2,0,0,0
1,595.7,18,28,36,1,0,2,4,1,1,1,0,0,0,0
0,653.2,37,2,16,1,0,0,0,0,0,0,0,0,0,0
0,749.8,64,5,30,1,0,1,0,0,0,0,0,0,0,0
0,563.5,83,14,60,2,0,1,1,0,1,1,0,0,0,0
1,407.1,28,2,12,0,0,0,0,0,0,0,0,0,0,0
0,1062.6,5,25,44,2,0,0,1,1,2,1,0,0,0,1
1,363.4,18,5,12,0,0,0,0,0,0,0,0,0,0,0
1,584.2,28,23,34,1,1,2,0,2,0,3,2,2,0,0
1,246.1,9,5,10,0,0,0,0,0,0,0,0,0,0,0
1,581.9,32,2,14,0,0,1,0,0,0,0,0,0,0,0
0,299,32,16,38,2,0,1,1,0,2,1,1,0,1,0
0,768.2,18,9,28,0,0,0,1,0,1,0,0,0,0,1
0,333.5,55,5,30,1,0,0,1,0,0,0,0,0,0,0
1,186.3,64,2,28,0,0,1,0,0,0,0,0,0,0,0
1,876.3,5,21,48,1,0,3,0,1,1,1,1,1,1,0
1,802.7,18,25,64,5,1,2,0,1,1,0,2,0,0,0
1,844.1,9,23,40,0,2,0,4,1,0,1,0,0,0,0
0,391,74,7,46,0,1,0,1,0,1,0,0,0,0,0
1,637.1,23,2,10,0,0,0,0,0,0,0,0,0,0,0
1,887.8,23,21,44,2,2,1,0,0,0,1,0,0,0,0
1,478.4,28,5,16,0,1,0,0,0,0,0,0,0,0,0
1,294.4,78,16,74,1,1,2,0,1,0,2,1,0,0,0
1,800.4,32,21,48,1,0,4,1,1,1,1,2,1,1,0
1,71.3,5,5,6,0,0,0,0,0,0,0,0,0,0,1
1,660.1,55,5,26,0,0,2,0,0,0,0,1,0,0,0
1,478.4,32,18,60,1,2,2,0,1,0,2,0,0,0,0
0,333.5,32,5,18,0,0,1,0,0,1,0,0,0,0,0
1,377.2,32,2,14,0,1,0,0,0,0,0,0,0,0,0
1,591.1,9,12,22,1,0,0,1,0,1,0,0,0,0,0
1,57.5,78,2,34,0,1,0,0,0,0,0,0,0,0,0
0,71.3,9,5,8,0,0,0,0,0,0,0,0,0,0,0
1,880.9,5,18,18,0,0,0,2,0,1,0,0,0,0,0
1,207,5,5,6,0,0,0,0,0,0,0,0,0,0,0
1,552,51,2,22,0,0,0,1,0,0,0,0,0,0,0
1,710.7,28,5,20,0,0,1,0,0,0,0,0,0,0,0
0,469.2,60,5,28,1,0,0,0,0,0,1,0,0,0,0
0,485.3,64,18,68,1,2,1,4,0,0,0,0,0,0,0
0,535.9,23,23,56,2,0,2,0,1,0,2,0,0,0,1
1,676.2,28,28,64,2,1,3,2,0,1,2,1,0,0,0
1,545.1,14,12,30,1,0,0,0,0,0,1,0,0,0,0
1,708.4,9,5,6,0,0,0,0,0,0,0,0,0,0,0
1,540.5,32,9,22,0,0,1,0,1,1,1,0,0,0,0
0,655.5,14,25,72,2,0,1,1,0,0,2,0,0,0,0
0,641.7,28,25,54,2,3,1,0,2,1,1,1,1,1,0
1,593.4,9,5,8,0,0,0,0,0,0,0,0,0,0,0
1,512.9,14,18,32,0,0,3,0,0,2,0,1,0,2,0
1,361.1,83,5,38,0,0,0,1,0,1,0,0,0,0,0
1,584.2,23,21,54,1,1,3,0,0,2,1,1,0,1,0
1,312.8,23,5,16,0,1,0,0,0,0,0,0,0,0,0
0,211.6,23,7,24,0,0,1,0,0,0,1,0,0,0,0
0,105.8,18,2,8,0,0,0,0,0,0,0,0,0,0,0
1,89.7,23,2,10,0,0,0,0,0,0,0,0,0,0,0
0,384.1,28,5,18,0,0,0,0,0,0,1,0,0,0,0
1,556.6,28,2,12,0,0,0,0,0,0,0,0,0,0,0
1,742.9,14,16,32,2,0,1,1,0,0,2,0,0,0,0
1,671.6,18,5,10,0,0,0,0,0,0,0,0,0,0,0
1,299,60,18,42,2,0,0,1,3,0,2,0,1,0,0
0,248.4,37,9,28,0,0,2,1,0,0,1,0,0,0,0
1,630.2,46,21,44,1,3,1,2,1,1,0,0,0,0,0
1,749.8,37,5,24,0,0,1,1,0,0,0,0,0,0,0
0,213.9,23,2,10,0,0,0,0,0,0,0,0,0,0,0
1,234.6,5,14,16,2,1,0,0,0,0,0,0,0,0,0
1,648.6,9,12,30,2,0,0,0,0,0,1,0,0,0,0
0,699.2,18,9,28,0,0,1,0,0,0,2,1,0,0,1
1,552,23,25,74,2,0,3,0,1,2,2,0,0,0,1
1,354.2,23,2,10,0,0,0,0,0,0,0,0,0,0,0
0,494.5,64,2,28,0,0,0,0,0,1,0,0,0,0,0
1,347.3,14,2,6,0,0,0,0,0,0,0,0,0,0,0
1,430.1,14,2,6,0,0,0,0,0,0,0,0,0,0,1
0,512.9,64,21,70,3,0,2,2,0,1,1,2,0,1,0
1,765.9,74,21,76,4,0,0,0,1,3,1,0,0,0,0
0,791.2,14,7,18,0,1,0,0,0,0,1,0,0,0,1
0,361.1,37,2,16,0,1,0,0,0,0,0,0,0,0,1
0,892.4,37,18,52,2,1,1,2,0,1,1,1,0,1,0
1,717.6,32,2,14,0,0,0,0,0,1,0,0,0,0,0
0,200.1,51,5,26,1,0,0,1,0,0,0,0,0,0,0
1,653.2,37,5,18,1,1,0,0,0,0,0,0,0,0,0
0,186.3,69,9,46,1,1,1,1,0,0,0,1,0,0,0
0,243.8,5,5,6,0,0,0,0,0,0,0,0,0,0,1
1,650.9,9,5,8,0,0,0,0,0,0,0,0,0,0,0
1,174.8,5,2,2,0,0,0,0,0,0,0,0,0,0,0
1,719.9,18,28,56,1,1,0,2,1,2,3,0,0,0,0
1,784.3,14,21,50,2,0,2,1,0,1,1,1,0,0,0
1,570.4,32,25,60,2,2,3,1,1,1,1,0,0,0,0
1,611.8,28,12,22,0,0,1,2,0,1,0,0,0,0,0
1,204.7,32,2,14,1,0,0,0,0,0,0,0,0,0,0
1,871.7,55,18,52,5,0,1,0,1,0,1,0,0,0,0
1,775.1,69,16,52,0,2,2,1,0,1,1,1,0,1,0
1,499.1,5,5,8,0,0,0,0,0,0,0,0,0,0,0
0,556.6,23,5,14,0,0,0,0,1,0,0,0,0,0,0
1,98.9,28,2,12,0,0,0,0,0,0,0,0,0,0,0
1,43.7,69,2,30,0,0,1,0,0,0,0,0,0,0,0
0,308.2,5,5,6,0,0,0,0,0,0,0,0,0,0,0
0,407.1,5,12,18,0,0,0,0,0,0,1,0,0,0,1
0,676.2,28,12,34,0,0,2,0,0,1,1,0,0,0,1
1,439.3,18,5,12,0,0,0,0,0,0,0,0,0,0,0
1,460,28,28,36,4,1,1,1,0,3,1,0,0,2,0
0,561.2,46,2,20,0,0,1,0,0,0,0,0,0,0,0
0,57.5,9,2,4,0,0,0,0,0,0,0,0,0,0,0
1,676.2,28,2,12,0,0,0,0,0,0,0,0,0,0,0
1,765.9,28,28,82,2,1,5,0,0,2,1,0,0,0,1
1,540.5,32,14,28,1,0,2,0,0,0,3,0,0,0,0
1,110.4,9,5,12,0,0,0,0,0,0,0,0,0,0,0
0,361.1,37,23,36,3,1,2,2,0,0,2,1,0,0,0
0,814.2,37,28,74,1,1,4,1,0,3,2,0,0,0,1
1,586.5,64,2,28,0,0,1,0,0,0,0,0,0,0,0
1,644,37,2,16,0,0,0,0,0,0,1,0,0,0,0
1,142.6,5,2,2,0,0,0,0,0,0,0,0,0,0,0
0,519.8,28,9,22,0,0,0,0,0,0,2,0,0,0,1
1,830.3,14,18,40,2,0,0,1,1,2,0,0,0,0,0
1,457.7,32,2,14,1,0,0,0,0,0,0,0,0,0,0
0,814.2,32,21,34,2,2,3,1,1,0,0,0,0,0,0
1,473.8,51,2,22,0,0,0,0,0,0,1,0,0,0,0
1,381.8,5,5,8,0,0,0,0,0,0,0,0,0,0,0
1,970.6,78,25,66,2,1,4,2,1,1,0,0,0,0,0
1,202.4,9,9,26,1,0,0,1,0,0,0,0,0,0,0
1,476.1,28,21,58,3,0,2,0,0,1,1,1,0,0,1
0,772.8,55,9,40,0,0,3,0,0,0,1,0,0,0,0
0,814.2,37,28,46,1,1,4,2,0,1,3,1,0,0,0
1,554.3,46,9,28,2,0,2,0,0,0,0,0,0,0,0
1,869.4,5,23,56,2,1,1,1,2,1,1,1,1,1,1
1,614.1,32,5,16,0,0,1,0,0,1,0,0,0,0,0
1,331.2,23,2,10,0,0,0,0,0,0,0,0,0,0,0
1,478.4,41,2,18,1,0,0,0,0,0,0,0,0,0,0
1,621,23,5,14,0,0,1,0,0,0,0,0,0,0,0
1,186.3,18,2,8,0,0,0,0,0,0,0,0,0,0,0
0,586.5,51,5,30,0,0,0,1,1,0,0,0,0,0,0
1,678.5,14,23,28,2,1,2,0,0,0,0,1,0,0,0
0,257.6,46,5,28,1,0,1,0,0,0,0,0,0,0,0
1,207,60,2,26,0,0,0,1,0,0,0,0,0,0,0
1,593.4,23,5,18,0,0,0,1,0,0,0,0,0,0,0
1,821.1,23,23,56,2,0,2,0,2,1,2,0,0,0,0
1,782,37,9,24,0,0,2,0,0,2,0,1,0,1,0
0,515.2,28,5,18,1,0,0,0,0,0,0,0,0,0,1
1,85.1,46,5,26,1,0,1,0,0,0,0,0,0,0,0
1,915.4,78,25,82,1,1,2,2,1,0,4,0,0,0,0
0,956.8,23,21,52,1,0,0,2,0,0,3,0,0,0,0
1,66.7,9,2,4,0,0,0,0,0,0,0,0,0,0,0
1,641.7,18,2,8,0,0,0,0,0,0,0,0,0,0,0
1,464.6,18,28,78,4,0,1,2,1,2,1,0,0,0,0
1,903.9,74,18,56,3,1,1,1,1,0,1,0,0,0,0
1,255.3,37,5,22,0,0,0,0,1,0,1,0,0,0,1
0,89.7,28,5,20,1,0,0,0,0,0,0,0,0,0,0
1,807.3,37,18,62,3,1,1,1,0,1,1,1,0,1,1
1,825.7,9,16,42,1,0,2,1,1,0,0,0,0,0,0
1,639.4,9,18,32,2,0,1,1,1,0,0,0,0,0,1
1,685.4,23,9,28,1,0,1,0,0,1,0,0,0,0,0
0,489.9,51,2,22,0,0,0,0,1,0,0,0,0,0,0
1,232.3,37,5,24,0,0,0,1,1,0,0,0,0,0,0
1,292.1,23,5,18,0,0,1,0,0,0,0,0,0,0,0
0,425.5,23,21,48,1,1,1,0,0,2,3,1,0,1,1
1,466.9,5,12,20,1,1,0,0,0,0,0,0,0,0,0
1,639.4,28,2,12,0,0,0,0,0,0,0,0,0,0,0
1,733.7,28,12,34,2,0,1,0,0,0,1,0,0,0,0
1,248.4,23,9,30,1,0,0,0,0,1,1,0,0,0,0
1,499.1,9,28,66,2,2,4,1,0,2,0,0,0,0,0
1,998.2,23,21,58,3,0,2,1,1,1,0,0,0,0,0
1,450.8,32,28,58,1,2,2,3,1,0,2,0,0,0,0
0,94.3,32,2,14,0,0,0,1,0,0,0,0,0,0,0
1,432.4,5,9,20,0,0,0,0,0,0,1,0,0,0,0
1,450.8,5,9,10,0,0,0,0,0,0,0,0,0,0,0
0,140.3,14,5,14,0,1,0,0,0,0,0,0,0,0,0
0,437,5,18,32,1,1,0,1,1,0,0,0,0,0,0
1,457.7,23,25,34,1,2,4,1,1,0,0,1,0,0,0
1,476.1,32,5,18,0,0,1,0,1,0,0,0,0,0,0
1,588.8,23,16,50,1,1,2,2,0,0,0,0,0,0,0
0,128.8,28,5,16,1,0,0,0,0,0,0,0,0,0,0
1,519.8,9,2,4,0,0,0,0,0,0,0,0,0,0,0
1,202.4,9,5,12,0,0,0,0,0,0,0,0,0,0,0
1,225.4,37,5,20,0,0,0,0,1,1,0,0,0,0,0
1,754.4,18,5,10,0,0,0,0,0,0,0,0,0,0,0
1,588.8,32,5,20,1,0,1,0,0,0,0,0,0,0,0
1,846.4,32,28,74,2,0,4,3,0,2,1,2,0,2,0
1,540.5,23,2,10,0,0,0,0,0,0,0,0,0,0,0
0,669.3,28,28,62,2,1,3,2,1,0,0,0,0,0,0
1,485.3,14,5,8,0,0,0,0,0,0,0,0,0,0,0
1,742.9,9,5,6,0,0,0,0,0,0,0,0,0,0,0
1,34.5,18,2,8,0,0,0,0,0,0,0,0,0,0,0
0,460,9,21,28,1,1,1,1,0,0,1,0,0,0,0
0,75.9,14,2,6,0,0,0,0,0,0,0,0,0,0,0
1,289.8,41,5,20,0,0,1,0,1,0,0,0,0,0,0
1,1055.7,32,25,76,2,2,2,1,1,0,3,0,0,0,0
0,726.8,9,16,38,0,2,0,1,0,0,2,0,0,0,0
0,660.1,9,25,62,1,0,1,0,1,1,3,0,0,0,1
0,687.7,18,23,44,1,1,2,0,1,2,2,1,0,1,1
1,363.4,28,5,18,1,0,0,0,0,0,0,0,0,0,0
1,616.4,32,28,80,3,0,5,0,1,1,2,0,0,0,0
0,381.8,32,23,50,2,2,4,0,1,1,0,0,0,0,0
1,384.1,64,2,28,0,0,0,0,0,1,0,0,0,0,0
1,476.1,41,25,54,3,0,2,2,0,2,2,1,0,1,0
1,165.6,28,5,18,0,0,1,0,0,0,0,0,0,0,0
1,508.3,32,21,62,4,1,0,1,1,2,0,0,1,2,1
1,345,32,21,66,3,0,2,1,2,1,0,1,0,0,0
1,271.4,23,2,10,0,0,0,0,0,0,0,0,0,0,0
1,510.6,37,2,16,1,0,0,0,0,0,0,0,0,0,0
0,64.4,23,2,10,0,0,0,0,0,0,0,0,0,0,0
1,156.4,32,5,20,0,0,0,0,2,0,0,0,0,0,0
1,342.7,9,2,4,0,0,0,0,0,0,0,0,0,0,0
1,184,23,2,10,0,0,0,0,0,0,0,0,0,0,0
1,522.1,37,5,24,1,0,0,1,0,0,0,0,0,0,0
1,303.6,78,2,34,1,0,0,0,0,0,0,0,0,0,0
0,400.2,18,2,8,0,0,0,0,0,0,0,0,0,0,0
1,611.8,55,5,26,0,0,2,0,0,0,0,0,0,0,0
1,669.3,14,2,6,0,0,0,0,0,0,0,0,0,0,0
1,540.5,37,5,24,0,0,1,0,1,0,0,0,0,0,0
1,294.4,18,5,10,0,0,0,0,0,0,0,0,0,0,0
1,793.5,32,25,78,4,0,3,1,2,1,0,0,0,0,0
0,650.9,23,5,16,1,0,0,0,0,0,0,0,0,0,0
1,703.8,74,5,38,0,1,1,0,0,0,0,0,0,0,0
1,609.5,28,7,24,0,0,1,0,1,0,0,0,0,0,0
1,278.3,32,5,22,0,0,1,0,1,0,0,0,1,0,0
1,142.6,32,2,14,0,0,1,0,0,0,0,0,0,0,0
0,703.8,28,28,78,2,1,4,1,0,1,2,0,0,0,0
1,545.1,37,2,16,1,0,0,0,0,0,0,0,0,0,0
1,409.4,5,2,2,0,0,0,0,0,0,0,0,0,0,0
0,892.4,5,18,18,2,0,0,0,0,0,0,0,0,0,1
1,370.3,28,5,14,0,0,1,0,0,0,0,0,0,0,0
1,632.5,18,5,10,0,0,0,0,0,0,0,0,0,0,0
1,133.4,23,2,10,0,0,0,0,0,0,0,0,0,0,0
1,791.2,32,7,20,0,0,1,0,0,0,1,0,0,0,0
0,483,5,2,2,0,0,0,0,0,0,0,0,0,0,1
0,342.7,9,5,10,0,0,0,0,0,0,0,0,0,0,1
1,393.3,37,5,20,0,0,1,0,0,1,0,0,0,0,0
0,719.9,23,5,18,0,0,0,1,0,0,0,0,0,0,0
0,857.9,37,12,36,1,1,2,0,0,0,1,1,0,0,0
0,736,46,28,76,3,1,4,1,1,1,1,1,0,0,1
0,119.6,32,5,18,2,0,0,0,0,0,0,0,0,0,0
0,600.3,28,7,28,0,1,0,0,0,0,0,0,0,0,0
1,317.4,28,12,26,2,0,0,0,0,1,1,0,0,0,0
1,517.5,51,16,64,2,0,2,0,1,0,2,0,0,0,0
1,363.4,9,5,10,0,0,0,0,0,0,0,0,0,0,0
0,581.9,18,18,30,2,1,0,0,0,1,2,0,0,0,0
1,588.8,64,5,34,1,0,1,0,0,0,0,0,0,0,0
1,110.4,18,2,8,0,0,0,0,0,0,0,0,0,0,0
0,510.6,32,18,36,0,3,0,0,2,1,2,0,1,1,1
1,641.7,32,2,14,1,0,0,0,0,0,0,0,0,0,0
0,368,78,5,38,0,0,1,0,1,0,0,0,0,0,0
1,604.9,55,5,28,0,0,1,0,1,0,0,0,1,0,0
1,372.6,14,23,64,2,1,2,1,0,1,1,2,0,1,0
1,305.9,37,5,18,0,0,1,0,0,1,0,0,0,1,0
1,634.8,28,28,60,3,0,1,2,2,3,0,0,0,0,0
1,460,32,18,46,1,2,2,1,0,2,0,0,0,0,0
1,427.8,51,5,28,0,0,2,0,0,0,0,1,0,0,0
1,273.7,32,5,18,0,0,1,1,0,0,0,0,0,0,0
0,678.5,37,5,18,0,1,1,0,0,0,0,0,0,0,0
1,756.7,32,12,24,2,1,0,1,0,0,1,0,0,0,0
0,446.2,46,2,20,1,0,0,0,0,0,0,0,0,0,0
1,448.5,5,5,6,0,0,0,0,0,0,0,0,0,0,0
1,253,9,16,30,1,0,1,1,1,1,0,0,0,0,0
0,404.8,28,18,40,2,0,4,1,0,0,0,1,0,0,0
1,142.6,83,2,36,0,0,0,0,0,0,1,0,0,0,0
0,876.3,37,23,72,1,2,2,2,1,0,2,0,0,0,0
1,887.8,78,18,68,0,2,2,2,0,1,1,0,0,0,0
0,333.5,14,21,56,3,1,2,1,0,0,0,0,0,0,0
0,476.1,9,5,8,0,0,0,0,0,0,0,0,0,0,0
0,271.4,32,5,18,1,0,0,0,0,0,0,0,0,0,0
1,73.6,64,2,28,0,0,0,0,0,0,1,0,0,0,0
1,73.6,74,5,36,0,0,0,0,2,0,0,0,0,0,0
1,351.9,37,23,64,1,2,2,2,1,1,1,0,0,0,0
1,112.7,83,2,36,0,0,0,0,0,1,0,0,0,0,0
0,455.4,28,28,60,2,0,1,2,0,2,4,1,0,1,1
1,241.5,60,5,28,0,0,1,0,1,0,0,0,0,0,0
0,621,55,5,28,1,0,0,0,1,0,0,0,0,0,0
1,308.2,23,5,14,0,0,1,0,0,0,0,0,0,0,0
0,931.5,37,28,78,4,0,3,2,1,0,2,1,0,0,0
0,690,23,5,14,0,0,0,1,0,0,0,0,0,0,0
1,207,32,2,14,0,0,0,0,0,1,0,0,0,0,0
1,632.5,46,5,22,1,0,1,0,0,0,0,1,0,0,0
0,92,28,2,12,0,0,0,0,0,0,0,0,0,0,1
1,466.9,28,2,12,0,0,0,0,0,0,0,0,0,0,0
0,96.6,41,5,24,1,0,1,0,0,0,0,0,0,0,0
1,420.9,14,2,6,0,0,0,0,0,0,0,0,0,0,0
1,377.2,37,2,16,0,1,0,0,0,0,0,0,0,0,0
1,609.5,37,5,20,0,0,1,1,0,0,0,0,0,0,0
0,193.2,5,2,2,0,0,0,0,0,0,0,0,0,0,0
1,575,69,5,34,1,0,1,0,0,0,0,0,0,0,0
1,142.6,23,2,10,0,0,0,0,0,0,0,0,0,0,0
1,784.3,32,28,64,3,2,1,1,2,0,1,1,1,0,1
1,662.4,37,2,16,0,0,0,0,0,0,1,0,0,0,0
1,269.1,23,7,24,0,1,1,0,0,0,0,0,0,0,0
1,473.8,5,21,34,3,1,2,0,1,0,0,1,1,0,0
0,715.3,14,23,46,2,0,0,2,0,3,2,0,0,0,0
1,402.5,51,2,22,1,0,0,0,0,0,0,0,0,0,0
0,607.2,23,16,44,0,0,2,0,1,1,1,1,1,1,0
1,308.2,9,14,24,1,1,1,1,0,0,0,1,0,0,0
1,598,32,7,26,0,1,1,1,0,0,0,0,0,0,1
1,361.1,9,5,8,0,0,0,0,0,0,0,0,0,0,0
1,303.6,14,5,10,0,0,0,0,0,0,0,0,0,0,0
1,317.4,23,16,44,2,0,1,0,0,1,2,1,0,0,0
1,584.2,23,2,10,0,0,0,0,0,0,0,0,0,0,0
1,420.9,18,12,34,2,1,0,0,1,0,0,0,0,0,0
0,706.1,28,9,34,1,0,0,1,0,1,0,0,0,0,0
0,345,37,12,36,1,0,1,1,0,2,0,0,0,1,1
1,874,23,14,36,0,0,1,2,0,0,1,0,0,0,0
0,586.5,18,5,12,0,0,0,0,0,0,0,0,0,0,0
0,1018.9,28,25,66,3,1,2,1,0,1,2,0,0,0,1
0,43.7,51,2,22,0,0,0,0,1,0,0,0,0,0,0
1,609.5,18,5,14,0,0,1,0,0,0,0,0,0,0,0
1,770.5,14,28,74,1,0,3,2,0,2,2,0,0,0,0
1,52.9,28,2,12,0,0,0,0,0,0,0,0,0,0,0
1,979.8,74,21,58,3,1,3,1,1,0,0,0,0,0,0
1,227.7,51,9,32,1,0,2,0,1,0,0,0,0,0,0
1,533.6,9,14,36,1,0,1,0,1,1,0,0,0,0,0
1,968.3,37,23,56,2,2,2,1,1,1,1,0,0,0,0
0,577.3,32,16,50,2,1,2,0,1,0,1,0,0,0,0
1,266.8,60,16,60,2,1,0,2,2,0,0,0,1,0,0
0,466.9,28,18,48,1,2,1,1,0,1,1,0,0,0,1
1,287.5,51,5,28,0,1,1,0,0,0,0,0,0,0,0
0,446.2,74,5,40,1,0,1,0,0,0,0,0,0,0,0
0,448.5,14,2,6,0,0,0,0,0,0,0,0,0,0,0
1,450.8,32,2,14,1,0,0,0,0,0,0,0,0,0,0
1,41.4,32,2,14,0,0,0,0,0,1,0,0,0,0,0
1,588.8,32,28,54,2,1,2,3,0,2,2,0,0,0,0
0,508.3,37,2,16,0,0,1,0,0,0,0,0,0,0,0
0,59.8,60,2,26,1,0,0,0,0,0,0,0,0,0,0
1,393.3,32,25,58,1,1,3,1,2,1,2,0,0,0,1
0,947.6,18,25,68,3,2,1,1,2,0,1,1,1,0,0
1,259.9,28,7,24,1,0,1,0,0,0,0,0,0,0,0
1,443.9,5,2,2,0,0,0,0,0,0,0,0,0,0,1
1,423.2,74,5,38,2,0,0,0,0,0,0,0,0,0,0
0,489.9,28,5,16,0,0,1,0,0,0,0,0,0,0,1
0,414,51,5,28,0,0,0,0,0,1,1,0,0,0,1
0,699.2,28,2,12,0,0,0,0,0,0,0,0,0,0,0
1,503.7,9,5,12,0,0,0,0,0,0,0,0,0,0,0
0,338.1,18,2,8,0,0,0,0,0,0,0,0,0,0,1
1,301.3,5,18,38,1,1,2,1,0,1,0,1,0,0,0
1,55.2,37,2,16,0,1,0,0,0,0,0,0,0,0,0
1,607.2,37,12,30,2,1,1,0,0,0,1,1,0,0,0
1,556.6,37,14,42,3,0,0,1,0,0,2,0,0,0,0
0,411.7,37,23,36,4,0,1,2,1,1,1,0,0,0,0
1,276,23,2,10,0,0,0,0,0,0,0,0,0,0,0
1,696.9,32,21,42,3,2,2,0,0,1,1,0,0,0,0
1,593.4,74,5,40,0,0,0,0,0,2,0,0,0,0,0
1,416.3,9,5,10,0,0,0,0,0,0,0,0,0,0,0
1,508.3,37,7,30,0,0,2,0,0,0,1,1,0,0,0
1,397.9,23,2,10,0,0,0,0,0,0,0,0,0,0,0
1,604.9,9,2,4,0,0,0,0,0,0,0,0,0,0,0
0,671.6,78,5,36,1,0,1,0,0,0,0,0,0,0,0
1,108.1,41,2,18,0,0,1,0,0,0,0,0,0,0,0
1,188.6,28,9,32,0,0,1,1,1,0,0,0,0,0,0
1,701.5,51,9,34,0,1,1,0,0,1,1,0,0,0,0
1,584.2,37,7,22,1,1,1,0,0,0,0,1,0,0,0
0,374.9,60,2,26,0,0,1,0,0,0,0,0,0,0,0
1,510.6,28,5,18,1,0,0,0,0,0,0,0,0,0,0
1,512.9,37,18,50,1,2,2,1,0,2,0,0,0,0,1
1,331.2,9,12,22,1,0,0,0,0,0,0,0,0,0,0
0,250.7,32,5,18,0,0,0,1,1,0,0,0,0,0,0
1,430.1,9,2,4,0,0,0,0,0,0,0,0,0,0,0
1,662.4,37,5,18,0,2,0,0,0,0,0,0,0,0,0
1,264.5,14,2,6,0,0,0,0,0,0,0,0,0,0,0
1,508.3,78,5,40,0,1,0,0,0,0,1,0,0,0,0
0,98.9,23,2,10,0,0,0,0,0,0,0,0,0,0,0
0,747.5,37,5,22,0,0,0,1,0,0,1,0,0,0,0
0,669.3,18,5,12,0,0,0,0,0,0,0,0,0,0,0
0,391,64,14,60,1,0,3,0,0,2,0,0,0,0,0
1,39.1,14,2,6,0,0,0,0,0,0,0,0,0,0,0
0,614.1,37,2,16,0,1,0,0,0,0,0,0,0,0,0
1,128.8,37,2,16,0,0,0,0,0,1,0,0,0,0,0
0,540.5,9,14,18,1,0,1,0,0,0,0,0,0,0,0
1,218.5,37,5,24,0,0,0,1,0,1,0,0,0,0,0
1,839.5,14,23,30,1,1,1,1,1,0,0,0,1,0,0
1,752.1,41,9,36,0,1,1,1,0,0,1,0,0,0,0
1,832.6,60,21,50,3,1,3,1,0,0,1,0,0,0,0
1,144.9,23,9,18,1,1,0,0,0,0,0,0,0,0,0
1,301.3,5,5,6,0,0,0,0,0,0,0,0,0,0,0
1,496.8,28,5,16,0,0,1,0,0,0,0,0,0,0,1
1,225.4,28,5,18,0,0,0,1,0,0,0,0,0,0,0
1,259.9,28,5,18,0,0,0,0,1,0,0,0,0,0,0
0,483,28,5,18,0,0,1,0,0,0,0,0,0,0,0
1,379.5,37,2,16,0,1,0,0,0,0,0,0,0,0,0
1,584.2,23,5,16,0,0,0,1,0,0,0,0,0,0,0
1,416.3,18,25,48,2,0,3,2,1,2,0,0,0,0,0
0,703.8,18,28,72,2,2,2,1,2,0,0,0,0,0,0
1,837.2,37,23,48,1,1,3,2,1,1,1,1,0,0,0
1,802.7,32,21,50,0,0,1,2,2,0,3,0,1,0,0
1,170.2,28,2,12,0,0,0,0,0,0,0,0,0,0,0
1,342.7,37,9,26,2,0,1,1,0,0,0,0,0,0,0
1,485.3,9,2,4,0,0,0,0,0,0,0,0,0,0,0
1,282.9,23,12,24,0,0,1,0,0,1,1,0,0,0,0
1,673.9,32,9,34,1,2,1,0,0,0,0,1,0,0,0
1,522.1,60,5,30,0,1,1,0,0,0,0,0,0,0,0
0,579.6,32,5,20,0,0,0,0,1,1,0,0,0,0,1
1,92,37,2,16,0,0,0,1,0,0,0,0,0,0,0
1,480.7,32,23,42,2,0,4,2,0,1,1,0,0,0,0
1,501.4,28,2,12,0,0,0,0,0,0,0,0,0,0,0
1,492.2,69,7,44,0,1,1,1,0,0,0,1,0,0,0
1,639.4,37,28,54,4,3,3,0,0,1,1,0,0,0,0
1,280.6,28,2,12,0,0,0,0,0,0,0,0,0,0,0
1,363.4,32,12,36,3,0,1,0,0,0,1,0,0,0,0
0,844.1,51,16,42,1,0,2,2,0,2,0,1,0,1,0
1,448.5,37,28,52,3,2,4,0,1,1,1,0,0,0,0
1,489.9,32,5,18,0,0,0,1,0,0,0,0,0,0,0
1,391,32,5,20,1,1,0,0,0,0,0,0,0,0,0
1,742.9,14,5,10,0,0,0,0,0,0,0,0,0,0,1
1,112.7,28,5,14,0,0,1,0,0,0,0,0,0,0,0
0,425.5,28,5,16,1,0,0,0,0,0,0,0,0,0,0
1,292.1,23,2,10,0,0,0,0,0,0,0,0,0,0,0
0,572.7,83,25,88,1,1,5,0,0,2,2,1,0,1,0
0,568.1,23,7,18,1,0,1,0,0,0,0,1,0,0,0
0,708.4,46,5,24,1,0,0,0,0,0,1,0,0,0,0
0,524.4,23,2,10,0,0,0,0,0,0,0,0,0,0,1
1,581.9,5,9,14,1,0,0,0,0,0,0,0,0,0,0
0,749.8,18,23,36,3,0,2,2,2,0,0,0,0,0,0
1,508.3,9,5,6,0,0,0,0,0,0,0,0,0,0,0
1,535.9,28,2,12,0,0,0,0,0,0,0,0,0,0,0
1,1007.4,23,23,52,2,1,0,2,0,2,2,0,0,0,0
0,540.5,46,12,42,1,1,1,0,0,0,2,1,0,0,0
1,715.3,32,25,48,3,1,3,0,2,0,2,1,1,0,0
0,200.1,37,5,22,0,1,1,0,0,0,0,0,0,0,0
1,742.9,5,18,34,1,0,0,2,1,1,2,0,1,1,0
1,223.1,23,5,14,0,0,1,0,0,0,0,0,0,0,0
1,112.7,5,2,2,0,0,0,0,0,0,0,0,0,0,0
0,876.3,18,16,38,2,0,1,1,0,1,1,0,0,0,0
1,857.9,23,12,26,1,1,1,0,1,0,0,0,0,0,0
0,595.7,32,5,18,1,0,0,0,0,0,0,0,0,0,0
0,250.7,32,2,14,0,0,1,0,0,0,0,0,0,0,0
1,844.1,14,21,24,0,0,3,0,0,1,3,0,0,0,0
1,676.2,23,23,60,4,0,2,1,2,0,0,1,1,0,0
0,177.1,32,5,20,0,0,1,1,0,0,0,0,0,0,0
1,1007.4,18,28,32,2,1,1,0,1,0,3,0,0,0,1
0,609.5,60,5,30,1,0,0,1,0,0,0,0,0,0,0
1,432.4,5,2,2,0,0,0,0,0,0,0,0,0,0,0
1,220.8,51,2,22,0,0,1,0,0,0,0,0,0,0,0
1,443.9,23,21,60,0,1,1,0,1,1,2,0,0,0,0
0,163.3,9,2,4,0,0,0,0,0,0,0,0,0,0,0
1,655.5,32,25,40,3,1,3,2,2,0,0,1,1,0,0
1,326.6,28,2,12,0,0,0,0,0,0,0,0,0,0,0
1,673.9,28,5,18,1,0,0,0,0,0,0,0,0,0,1
1,395.6,32,14,26,1,1,2,0,1,0,1,1,0,0,0
1,331.2,78,21,52,1,0,4,2,0,2,0,2,0,1,0
1,172.5,9,5,8,0,0,0,0,0,0,0,0,0,0,0
1,722.2,41,5,26,0,0,1,0,1,0,0,0,1,0,0
1,512.9,83,7,48,0,0,1,0,0,0,2,0,0,0,0
1,494.5,78,5,38,0,0,0,1,0,1,0,0,0,0,0
1,455.4,23,21,48,2,1,2,1,1,0,1,0,0,0,0
1,142.6,32,2,14,0,0,0,0,1,0,0,0,0,0,0
1,365.7,69,12,44,3,1,0,0,0,1,0,0,0,1,0
1,554.3,37,16,34,2,1,1,1,1,0,1,0,0,0,0
1,370.3,14,23,60,1,1,1,1,3,2,0,0,0,0,1
0,294.4,28,2,12,0,0,0,0,0,0,0,0,0,0,0
1,506,23,5,14,0,1,0,0,0,0,0,0,0,0,0
0,492.2,32,28,58,3,0,6,1,0,2,0,0,0,0,0
1,867.1,37,16,50,1,1,5,0,0,0,0,1,0,0,0
0,627.9,32,5,16,0,0,1,0,0,0,0,0,0,0,0
0,673.9,64,7,36,1,0,0,2,0,0,0,0,0,0,0
1,598,37,5,18,0,0,1,0,1,0,0,0,0,0,0
1,834.9,28,16,46,2,0,2,1,0,0,1,2,0,0,1
1,742.9,37,14,50,0,0,2,1,0,0,3,1,0,0,0
1,340.4,18,16,36,1,0,1,1,0,0,0,1,0,0,0
0,365.7,32,5,18,1,0,0,1,0,0,0,0,0,0,0
1,673.9,37,9,34,1,0,1,1,1,0,0,1,1,0,0
0,683.1,28,21,62,3,0,1,2,0,0,2,0,0,0,0
1,775.1,37,21,62,2,0,3,0,1,1,2,1,0,0,0
0,756.7,69,28,90,1,1,3,2,0,1,4,0,0,0,0
1,655.5,32,21,56,4,0,1,0,0,3,0,0,0,0,0
1,271.4,23,5,14,0,0,1,0,0,0,0,0,0,0,0
0,510.6,23,5,12,0,0,0,0,0,0,0,0,0,0,0
1,149.5,46,2,20,0,0,0,1,0,0,0,0,0,0,0
1,190.9,23,9,22,1,0,1,1,0,0,0,0,0,0,0
0,664.7,23,21,32,3,2,0,0,2,0,1,0,0,0,0
1,135.7,51,5,30,0,1,1,0,0,0,0,0,0,0,0
1,342.7,32,5,18,0,0,1,0,0,1,0,0,0,0,0
1,41.4,23,2,10,0,0,0,0,0,0,0,0,0,0,0
1,733.7,74,16,62,2,1,1,2,0,0,1,1,0,0,0
1,386.4,32,5,16,0,0,0,1,0,0,0,0,0,0,0
1,708.4,23,16,48,1,1,1,3,0,0,0,0,0,0,0
1,395.6,64,5,32,1,0,0,1,0,0,0,0,0,0,0
1,770.5,9,14,34,1,0,0,1,0,0,1,0,0,0,1
1,710.7,9,2,4,0,0,0,0,0,0,0,0,0,0,0
1,717.6,5,2,2,0,0,0,0,0,0,0,0,0,0,1
1,230,5,14,16,0,0,0,0,0,1,0,0,0,0,1
1,632.5,28,2,12,0,0,0,0,0,0,0,0,0,0,0
1,188.6,64,7,34,0,1,1,0,0,1,0,0,0,0,0
0,692.3,23,2,10,0,0,0,0,0,0,0,0,0,0,0
0,696.9,37,2,16,0,0,1,0,0,0,0,0,0,0,0
1,834.9,60,14,52,2,2,0,1,0,0,1,0,0,0,0
1,41.4,14,2,6,0,0,0,0,0,0,0,0,0,0,0
1,515.2,74,21,60,2,1,2,3,0,0,1,0,0,0,0
0,462.3,9,2,4,0,0,0,0,0,0,0,0,0,0,0
0,687.7,9,5,8,0,0,0,0,0,0,0,0,0,0,1
1,630.2,74,5,36,1,0,1,0,0,0,0,0,0,0,0
1,1097.1,28,28,58,2,0,4,3,0,1,1,1,0,0,0
0,699.2,9,23,32,3,0,1,1,2,1,0,0,1,1,1
1,179.4,37,12,38,0,0,3,0,0,0,2,1,0,0,0
0,646.3,37,5,20,1,0,1,0,0,0,0,0,0,0,0
1,101.2,46,2,20,0,0,0,0,0,1,0,0,0,0,0
1,616.4,5,5,10,0,0,0,0,0,0,0,0,0,0,1
1,310.5,37,2,16,0,0,1,0,0,0,0,0,0,0,0
1,282.9,51,12,48,0,0,2,1,0,1,1,1,0,1,0
1,372.6,46,2,20,1,0,0,0,0,0,0,0,0,0,0
1,538.2,28,28,68,3,1,2,2,0,1,2,1,0,0,0
1,501.4,37,2,16,0,0,0,0,0,1,0,0,0,0,0
0,269.1,55,2,24,0,0,0,1,0,0,0,0,0,0,0
1,400.2,23,18,44,1,1,0,2,1,1,0,0,0,0,0
0,878.6,37,14,38,1,3,1,0,0,0,1,1,0,0,0
0,124.2,51,2,22,0,0,1,0,0,0,0,0,0,0,0
1,41.4,23,2,10,0,0,0,0,0,0,0,0,0,0,0
1,432.4,69,28,78,3,2,3,0,1,2,1,1,0,0,0
1,480.7,14,5,12,0,0,0,0,0,0,0,0,0,0,0
0,216.2,28,2,12,0,0,0,0,0,0,0,0,0,0,0
1,683.1,60,5,30,0,0,1,0,1,0,0,0,0,0,0
1,455.4,37,5,18,0,1,0,0,0,1,0,0,0,0,0
0,402.5,18,21,34,1,0,1,0,0,1,3,0,0,0,1
1,949.9,37,18,60,2,0,2,1,1,1,1,1,1,1,0
0,719.9,60,12,42,2,0,0,0,0,2,1,0,0,0,0
0,669.3,41,2,18,0,0,1,0,0,0,0,0,0,0,0
1,227.7,23,5,14,0,0,1,0,0,0,0,0,0,0,0
1,841.8,18,23,44,2,0,3,1,1,2,0,2,0,2,1
1,471.5,55,12,38,0,0,1,1,0,1,2,0,0,0,0
1,89.7,5,2,2,0,0,0,0,0,0,0,0,0,0,0
1,331.2,23,5,12,0,0,0,0,0,0,0,0,0,0,0
1,425.5,9,2,4,0,0,0,0,0,0,0,0,0,0,0
1,692.3,41,5,24,0,0,2,0,0,0,0,0,0,0,0
1,43.7,55,2,24,0,0,0,0,0,1,0,0,0,0,0
1,982.1,23,21,36,3,0,2,0,1,0,2,0,0,0,0
1,586.5,18,18,50,3,1,1,0,0,0,2,0,0,0,1
1,547.4,37,18,42,2,0,1,2,1,1,1,0,0,0,0
1,78.2,69,5,36,1,0,0,0,0,1,0,0,0,0,0
1,448.5,9,2,4,0,0,0,0,0,0,0,0,0,0,0
1,340.4,18,21,28,0,1,2,0,0,1,3,0,0,0,0
1,225.4,9,5,8,0,0,0,0,0,0,0,0,0,0,1
1,775.1,23,14,44,0,1,1,1,0,0,2,1,0,0,0
1,862.5,9,28,30,1,2,1,1,0,0,0,0,0,0,0
1,423.2,23,2,10,0,0,0,0,0,0,0,0,0,0,0
1,239.2,18,2,8,0,0,0,0,0,0,0,0,0,0,0
0,547.4,37,5,22,1,0,0,0,0,0,1,0,0,0,0
1,354.2,18,16,34,2,0,1,0,0,0,2,0,0,0,1
1,478.4,46,12,42,2,1,2,0,0,0,0,1,0,0,0
0,809.6,37,12,36,2,0,0,1,1,0,1,0,0,0,0
1,577.3,41,12,38,2,2,1,0,0,0,0,0,0,0,0
1,453.1,51,2,22,0,0,0,0,0,1,0,0,0,0,0
1,287.5,64,2,28,0,1,0,0,0,0,0,0,0,0,0
0,441.6,37,5,20,0,0,0,0,2,0,0,0,0,0,1
0,365.7,78,5,38,1,0,1,0,0,0,0,0,0,0,0
1,977.5,60,21,72,2,1,3,0,3,0,0,0,0,0,0
1,262.2,23,5,16,1,0,0,0,0,0,0,0,0,0,0
1,96.6,5,2,2,0,0,0,0,0,0,0,0,0,0,0
0,650.9,18,2,8,0,0,0,0,0,0,0,0,0,0,0
0,816.5,32,12,34,0,0,1,1,0,2,1,0,0,0,0
1,379.5,37,5,18,2,0,0,0,0,0,0,0,0,0,0
0,690,37,5,18,0,0,1,0,0,0,1,0,0,0,0
1,110.4,23,2,10,0,0,0,0,0,0,0,0,0,0,0
1,400.2,32,5,22,1,0,0,0,0,0,0,0,0,0,0
0,333.5,5,5,8,0,0,0,0,0,0,0,0,0,0,0
0,43.7,32,2,14,0,1,0,0,0,0,0,0,0,0,0
0,184,28,2,12,0,0,0,0,0,0,0,0,0,0,0
1,738.3,37,5,20,1,0,0,0,1,0,0,0,0,0,0
0,816.5,9,16,38,0,1,2,1,0,0,1,0,0,0,0
0,335.8,28,2,12,0,0,0,0,0,0,0,0,0,0,0
1,508.3,14,14,42,1,0,0,1,0,3,0,0,0,0,1
1,655.5,14,12,30,1,1,0,0,0,0,1,0,0,0,0
1,830.3,23,28,64,3,1,1,2,1,0,2,0,0,0,0
1,660.1,23,5,12,0,0,0,0,0,0,0,0,0,0,0
1,542.8,28,5,16,0,0,1,0,0,0,0,0,0,0,0
1,450.8,32,2,14,0,0,0,1,0,0,0,0,0,0,0
1,494.5,23,2,10,0,0,0,0,0,0,0,0,0,0,0
0,328.9,74,2,32,0,0,0,0,0,1,0,0,0,0,0
1,717.6,23,16,42,2,0,2,0,1,1,0,0,0,0,0
1,777.4,32,14,30,1,0,2,1,0,1,1,0,0,0,0
0,478.4,32,5,22,0,0,0,0,0,1,0,0,0,0,1
1,89.7,64,5,30,0,0,2,0,0,0,0,1,0,0,0
0,611.8,23,2,10,0,0,0,0,0,0,0,0,0,0,0
1,455.4,28,14,30,1,0,1,1,0,1,1,0,0,0,0
1,563.5,64,5,34,0,1,1,0,0,0,0,1,0,0,0
0,87.4,55,2,24,0,1,0,0,0,0,0,0,0,0,0
0,609.5,18,2,8,0,0,0,0,0,0,0,0,0,0,1
1,278.3,18,2,8,0,0,0,0,0,0,0,0,0,0,0
1,78.2,55,2,24,1,0,0,0,0,0,0,0,0,0,0
1,625.6,23,21,58,1,1,2,1,1,1,1,1,1,1,1
0,66.7,23,2,10,0,0,0,0,0,0,0,0,0,0,0
0,1030.4,28,25,66,2,1,1,2,2,1,1,0,0,0,0
1,657.8,23,12,34,0,1,0,1,0,1,0,0,0,1,0
1,634.8,32,25,42,4,0,3,2,0,1,1,1,0,1,1
1,384.1,60,16,64,1,0,2,0,1,2,1,0,0,0,0
1,448.5,28,23,68,2,3,0,2,2,0,0,0,0,0,0
1,347.3,37,2,16,0,0,0,0,0,0,1,0,0,0,0
0,354.2,78,5,36,1,0,0,0,0,1,0,0,0,0,0
1,595.7,74,16,72,1,0,5,0,1,0,0,1,0,0,0
1,213.9,64,2,28,0,0,1,0,0,0,0,0,0,0,0
1,420.9,32,25,64,2,1,2,3,2,1,0,0,0,0,0
1,315.1,23,5,18,1,0,0,0,0,0,0,0,0,0,0
1,740.6,28,5,16,1,0,0,0,0,0,0,0,0,0,0
1,568.1,51,16,58,2,1,2,0,0,0,2,0,0,0,0
1,305.9,55,2,24,0,0,0,0,1,0,0,0,0,0,0
0,448.5,51,5,24,0,0,1,1,0,0,0,0,0,0,0
0,108.1,78,2,34,0,0,0,1,0,0,0,0,0,0,0
0,372.6,60,5,30,0,0,0,0,1,0,1,0,0,0,0
1,174.8,9,7,10,0,0,0,0,0,0,0,0,0,0,0
1,446.2,37,5,22,1,0,1,0,0,0,0,1,0,0,0
1,388.7,37,2,16,0,0,1,0,0,0,0,0,0,0,0
1,239.2,32,2,14,0,0,1,0,0,0,0,0,0,0,0
0,572.7,9,5,6,0,0,0,0,0,0,0,0,0,0,1
1,430.1,23,21,34,4,0,0,0,0,2,1,0,0,1,0
1,326.6,28,2,12,0,0,0,0,0,0,0,0,0,0,0
0,678.5,14,5,10,0,0,0,0,0,0,0,0,0,0,0
1,243.8,64,5,34,0,0,0,1,0,0,1,0,0,0,0
1,418.6,9,9,26,0,0,1,0,0,0,1,0,0,0,0
0,43.7,37,2,16,1,0,0,0,0,0,0,0,0,0,0
0,255.3,9,2,4,0,0,0,0,0,0,0,0,0,0,0
0,420.9,37,5,20,0,0,0,0,0,0,2,0,0,0,1
1,503.7,32,5,20,2,0,0,0,0,0,0,0,0,0,0
1,144.9,32,2,14,0,0,1,0,0,0,0,0,0,0,0
1,747.5,18,5,16,0,0,0,0,0,1,0,0,0,0,0
0,517.5,28,18,42,2,0,2,0,1,0,1,1,0,0,0
1,172.5,9,9,18,0,0,0,1,0,0,0,0,0,0,0
1,690,69,28,92,1,1,8,1,1,0,0,0,0,0,0
1,372.6,28,5,18,0,1,0,0,0,0,0,0,0,0,0
0,724.5,28,12,26,1,0,1,0,2,0,0,0,0,0,0
1,586.5,14,7,14,0,0,0,0,0,0,0,0,0,0,0
0,151.8,41,2,18,0,0,0,0,0,0,1,0,0,0,0
1,533.6,18,28,44,2,0,3,1,3,1,1,2,1,1,0
1,430.1,14,2,6,0,0,0,0,0,0,0,0,0,0,0
1,883.2,18,28,40,3,2,3,0,1,0,1,0,0,0,0
1,322,32,2,14,0,0,1,0,0,0,0,0,0,0,0
1,683.1,23,14,24,1,0,1,0,1,0,2,1,1,0,1
1,604.9,37,2,16,0,0,1,0,0,0,0,0,0,0,0
1,512.9,28,5,16,0,0,1,0,0,0,0,0,0,0,0
1,1012,28,23,64,2,1,4,1,0,0,1,0,0,0,0
1,414,41,2,18,1,0,0,0,0,0,0,0,0,0,0
1,480.7,28,16,36,2,1,1,0,0,1,1,1,0,0,0
0,230,37,5,22,0,0,1,1,0,0,0,0,0,0,0
1,57.5,23,2,10,0,0,0,0,0,0,0,0,0,0,0
1,807.3,28,25,66,1,1,0,1,3,2,2,0,0,0,1
1,623.3,37,25,82,1,1,3,1,1,2,2,0,0,0,0
1,340.4,37,12,40,2,0,2,0,0,0,1,1,0,0,0
1,455.4,23,12,28,1,0,2,0,0,1,0,0,0,0,0
1,653.2,23,5,14,1,0,0,0,0,0,0,0,0,0,0
1,816.5,5,28,68,2,1,1,2,1,1,1,1,1,1,0
1,632.5,55,5,28,1,0,0,0,0,1,0,0,0,0,0
0,655.5,37,25,76,2,2,4,0,1,0,2,0,0,0,0
1,216.2,32,12,34,1,0,1,2,0,1,0,1,0,1,0
1,331.2,69,2,30,0,0,0,1,0,0,0,0,0,0,0
1,354.2,74,5,36,1,0,0,0,0,1,0,0,0,1,0
0,742.9,32,21,56,2,4,0,0,1,1,1,0,0,0,0
0,466.9,18,5,14,0,0,1,0,0,0,0,0,0,0,0
1,285.2,28,14,46,1,1,2,1,0,0,0,0,0,0,0
0,437,23,28,40,2,0,3,1,1,1,1,1,0,0,1
1,828,69,23,74,0,0,6,0,0,2,2,0,0,0,0
1,664.7,32,5,20,0,0,1,0,0,0,0,0,0,0,0
1,36.8,32,2,14,0,0,0,1,0,0,0,0,0,0,0
1,655.5,74,2,32,0,0,0,1,0,0,0,0,0,0,0
1,331.2,14,18,24,1,0,1,0,1,1,1,0,0,0,0
0,276,28,5,18,0,0,0,1,0,0,0,0,0,0,0
1,271.4,74,5,34,1,1,0,0,0,0,0,0,0,0,0
0,752.1,28,5,20,0,0,1,0,0,0,0,0,0,0,0
1,301.3,32,5,22,0,0,0,0,2,0,0,0,0,0,0
1,317.4,23,2,10,0,0,0,0,0,0,0,0,0,0,0
0,402.5,9,14,28,1,0,0,2,0,0,0,0,0,0,0
0,266.8,32,5,22,1,0,1,0,0,0,0,0,0,0,0
1,800.4,28,9,26,1,0,0,1,0,0,1,0,0,0,0
1,579.6,23,25,38,0,2,3,0,1,1,2,0,0,0,1
1,69,32,5,18,1,0,0,0,0,0,0,0,0,0,1
1,588.8,74,12,46,1,0,2,0,0,2,0,1,0,1,0
1,466.9,18,2,8,0,0,0,0,0,0,0,0,0,0,0
0,423.2,5,16,32,0,1,1,1,1,1,0,0,0,0,1
0,736,18,12,26,0,0,1,0,0,1,1,0,0,1,0
1,510.6,23,2,10,0,0,0,0,0,0,0,0,0,0,0
1,82.8,18,2,8,0,0,0,0,0,0,0,0,0,0,0
1,96.6,23,2,10,0,0,0,0,0,0,0,0,0,0,0
1,731.4,14,23,62,3,1,1,1,0,0,2,0,0,0,1
1,441.6,28,5,20,0,0,1,0,0,0,0,0,0,0,0
1,1016.6,41,25,42,6,1,4,0,0,0,0,1,0,0,0
1,365.7,32,5,20,1,1,0,0,0,0,0,0,0,0,0
0,457.7,51,5,28,0,0,1,0,1,0,0,0,0,0,0
1,324.3,14,5,8,0,0,0,0,0,0,0,0,0,0,1
1,501.4,9,25,50,3,0,2,1,0,1,3,0,0,0,0
1,432.4,23,9,32,2,0,0,1,0,0,0,0,0,0,0
0,434.7,37,5,20,0,0,1,1,0,0,0,0,0,0,0
1,262.2,69,9,38,0,1,1,0,1,1,0,0,0,0,0
1,519.8,23,2,10,0,0,0,0,0,0,0,0,0,0,0
1,623.3,9,5,6,0,0,0,0,0,0,0,0,0,0,0
1,669.3,32,2,14,1,0,0,0,0,0,0,0,0,0,0
1,662.4,14,28,74,3,1,2,1,1,1,1,0,0,0,0
1,834.9,64,23,68,4,0,2,0,0,1,3,0,0,0,0
0,282.9,32,12,34,1,0,2,1,1,0,0,1,1,0,0
1,1025.8,18,28,42,1,1,2,0,0,1,2,0,0,0,0
1,556.6,32,28,72,0,2,6,1,1,1,1,0,0,0,0
1,363.4,32,5,20,0,1,0,0,0,1,0,0,0,0,0
1,174.8,18,5,14,0,1,0,0,0,0,0,0,0,0,0
0,549.7,23,5,12,0,0,0,0,0,0,0,0,0,0,0
1,181.7,5,2,2,0,0,0,0,0,0,0,0,0,0,0
1,995.9,64,21,48,3,0,1,1,1,2,1,0,0,0,0
0,775.1,14,7,14,0,0,0,1,0,0,0,0,0,0,0
1,397.9,41,5,24,1,0,0,1,0,0,0,0,0,0,0
1,342.7,78,5,36,0,0,1,1,0,0,0,0,0,0,0
0,908.5,37,28,78,2,2,1,1,1,2,3,0,0,0,0
1,460,9,12,26,0,1,2,0,0,0,0,0,0,0,0
1,441.6,32,21,62,2,1,0,0,3,0,2,0,1,0,0
1,639.4,5,5,6,0,0,0,0,0,0,0,0,0,0,0
1,427.8,5,5,8,0,0,0,0,0,0,0,0,0,0,0
1,496.8,55,2,24,1,0,0,0,0,0,0,0,0,0,0
1,446.2,32,5,18,0,0,1,0,1,0,0,0,0,0,0
1,411.7,23,21,54,1,1,1,2,1,1,1,0,0,0,0
0,584.2,37,5,18,1,0,0,0,0,0,1,0,0,0,0
1,671.6,55,14,40,2,0,3,1,0,0,0,0,0,0,0
1,703.8,18,14,36,2,0,1,1,0,1,0,1,0,1,1
1,984.4,23,28,40,3,1,1,0,2,3,1,0,0,0,0
1,614.1,32,12,30,0,1,1,2,1,0,0,0,0,0,0
1,742.9,9,23,56,4,1,2,1,1,0,0,0,0,0,0
0,356.5,37,21,64,1,1,2,2,1,1,1,0,0,0,0
0,577.3,5,9,24,0,0,1,0,0,0,0,0,0,0,0
1,499.1,5,5,4,0,0,0,0,0,0,0,0,0,0,0
0,545.1,14,2,6,0,0,0,0,0,0,0,0,0,0,0
1,531.3,37,5,20,1,0,1,0,0,0,0,0,0,0,0
1,52.9,14,2,6,0,0,0,0,0,0,0,0,0,0,0
1,857.9,32,12,30,1,0,3,0,1,0,0,1,0,0,0
1,117.3,9,2,4,0,0,0,0,0,0,0,0,0,0,0
1,285.2,83,5,42,0,0,1,1,0,0,0,0,0,0,0
1,411.7,23,2,10,0,0,0,0,0,0,0,0,0,0,0
0,710.7,14,2,6,0,0,0,0,0,0,0,0,0,0,0
1,158.7,28,2,12,0,0,0,0,0,0,0,0,0,0,0
1,759,23,14,44,1,0,2,0,1,0,1,0,0,0,0
1,170.2,28,5,18,1,0,0,0,0,0,0,0,0,0,0
0,687.7,18,5,16,1,0,0,0,0,0,0,0,0,0,0
1,611.8,37,9,26,0,1,2,0,0,0,1,0,0,0,0
1,828,23,21,56,1,1,1,2,1,1,1,0,0,0,0
0,754.4,23,5,16,0,0,1,0,0,0,0,0,0,0,0
1,524.4,28,2,12,0,0,0,0,0,0,0,0,0,0,0
1,170.2,55,2,24,0,0,1,0,0,0,0,0,0,0,0
1,549.7,28,5,16,0,1,0,0,0,0,0,0,0,0,0
1,457.7,9,2,4,0,0,0,0,0,0,0,0,0,0,0
1,800.4,5,14,26,1,1,0,0,0,0,0,0,0,0,0
1,441.6,14,9,24,0,0,1,0,0,0,1,0,0,0,0
0,791.2,23,14,36,0,0,2,1,0,1,0,1,0,1,0
1,365.7,74,5,40,0,0,0,0,0,1,1,0,0,0,0
0,473.8,9,23,44,3,1,2,0,1,1,0,0,0,0,1
1,455.4,23,5,16,0,0,1,0,0,0,0,0,0,0,0
1,197.8,37,5,20,0,0,0,0,0,0,2,0,0,0,0
0,632.5,23,9,24,0,0,1,0,1,1,0,0,0,0,0
1,144.9,37,2,16,0,0,0,1,0,0,0,0,0,0,0
1,892.4,37,18,48,3,0,4,0,1,0,0,0,0,0,0
1,315.1,23,12,26,0,0,1,1,2,0,0,1,1,0,0
1,570.4,69,28,78,6,1,1,3,0,1,0,0,0,0,0
1,883.2,9,25,68,3,0,3,1,1,0,2,0,0,0,0
0,363.4,14,16,30,2,0,1,1,1,0,1,0,0,0,1
1,614.1,37,5,20,0,0,2,0,0,0,0,0,0,0,0
0,292.1,23,5,14,1,0,0,0,0,0,0,0,0,0,0
0,262.2,18,5,16,0,1,0,0,0,0,0,0,0,0,0
0,517.5,60,28,64,3,1,1,3,2,0,2,0,0,0,0
0,434.7,23,23,56,4,0,1,3,1,0,0,1,0,0,0
1,450.8,64,2,28,0,0,0,1,0,0,0,0,0,0,0
0,609.5,32,23,36,2,2,2,0,0,0,3,1,0,0,0
0,416.3,37,2,16,0,0,0,0,1,0,0,0,0,0,0
1,190.9,9,2,4,0,0,0,0,0,0,0,0,0,0,0
1,163.3,9,2,4,0,0,0,0,0,0,0,0,0,0,0
0,232.3,28,5,16,0,0,1,0,0,0,0,0,0,0,0
0,496.8,32,14,38,2,2,0,0,0,0,1,0,0,0,0
1,147.2,37,2,16,0,0,0,1,0,0,0,0,0,0,0
0,423.2,37,16,40,0,0,4,0,0,1,2,0,0,0,0
1,285.2,18,12,24,1,0,0,0,1,0,0,0,0,0,0
1,646.3,37,2,16,0,1,0,0,0,0,0,0,0,0,0
0,285.2,32,12,42,2,0,0,0,0,1,1,0,0,1,0
1,604.9,64,18,64,1,0,3,0,1,0,3,2,0,0,0
0,462.3,64,18,62,0,2,3,0,2,0,1,0,0,0,0
0,593.4,14,7,16,0,1,0,0,0,0,0,0,0,0,0
1,634.8,37,5,18,0,0,1,0,0,0,1,0,0,0,0
1,432.4,23,18,38,0,0,5,1,0,1,0,0,0,0,0
1,294.4,28,2,12,0,0,0,0,0,0,0,0,0,0,0
1,719.9,23,9,22,2,0,0,0,1,0,0,0,0,0,0
1,443.9,28,2,12,0,0,0,0,0,0,0,0,0,0,0
0,92,60,5,28,0,0,0,0,2,0,0,0,1,0,0
1,501.4,18,9,26,1,0,1,1,0,0,0,0,0,0,0
1,243.8,14,5,10,0,0,0,0,0,0,0,0,0,0,0
1,667,23,2,10,0,0,0,0,0,0,0,0,0,0,0
0,36.8,23,2,10,0,0,0,0,0,0,0,0,0,0,1
1,464.6,23,28,60,2,1,1,2,1,2,2,0,0,0,0
1,142.6,18,2,8,0,0,0,0,0,0,0,0,0,0,0
1,972.9,37,21,42,1,1,2,0,3,2,0,0,0,0,0
1,696.9,32,2,14,0,0,0,0,0,1,0,0,0,0,0
0,103.5,69,5,38,0,1,0,1,0,0,0,0,0,0,0
0,715.3,78,2,34,0,0,1,0,0,0,0,0,0,0,0
0,676.2,32,25,48,4,1,2,2,1,1,0,1,1,1,0
0,602.6,23,2,10,0,0,0,0,0,0,0,0,0,0,0
1,848.7,14,18,48,3,0,0,3,1,0,0,0,0,0,0
1,715.3,28,23,66,1,2,1,1,0,1,2,0,0,0,0
1,586.5,18,25,40,0,0,4,1,1,1,1,1,1,1,0
1,149.5,28,5,16,1,0,0,0,0,0,0,0,0,0,0
0,243.8,5,2,2,0,0,0,0,0,0,0,0,0,0,0
1,729.1,14,9,22,2,0,1,0,0,0,0,1,0,0,0
1,508.3,37,5,24,1,0,1,0,0,0,0,0,0,0,0
0,200.1,5,7,16,1,0,0,0,0,0,1,0,0,0,0
1,908.5,23,28,54,3,2,2,3,1,0,0,2,0,0,0
1,798.1,60,28,68,5,1,2,0,0,1,3,0,0,0,0
0,572.7,5,28,38,1,2,0,1,2,2,0,0,0,0,1
1,453.1,18,2,8,0,0,0,0,0,0,0,0,0,0,1
1,489.9,32,25,44,1,1,2,4,0,2,1,0,0,0,0
1,644,60,2,26,0,0,0,1,0,0,0,0,0,0,0
1,418.6,41,2,18,1,0,0,0,0,0,0,0,0,0,0
1,533.6,41,25,50,1,2,5,2,1,0,0,0,0,0,0
1,289.8,5,5,10,0,0,0,0,0,0,0,0,0,0,0
1,154.1,64,2,28,0,0,1,0,0,0,0,0,0,0,0
0,598,74,14,44,3,3,0,0,0,0,0,0,0,0,0
1,75.9,64,5,36,0,0,0,0,0,0,2,0,0,0,0
0,340.4,14,12,36,0,0,2,1,0,1,0,0,0,0,1
0,706.1,14,5,12,0,0,0,0,0,0,0,0,0,0,0
1,853.3,37,14,38,0,1,2,0,0,2,1,0,0,0,0
1,556.6,14,9,16,1,0,0,0,0,0,0,0,0,0,0
1,699.2,74,5,38,0,2,0,0,0,0,0,0,0,0,0
0,860.2,28,25,34,1,1,2,1,1,0,0,0,0,0,0
1,621,32,14,38,1,0,1,1,1,0,2,0,0,0,0
1,460,23,5,18,0,0,1,0,0,0,0,0,0,0,0
0,595.7,28,12,30,1,0,1,0,0,1,1,0,0,0,0
1,683.1,18,2,8,0,0,0,0,0,0,0,0,0,0,0
1,223.1,23,5,18,0,0,1,0,0,0,0,0,0,0,0
0,961.4,37,23,72,5,0,2,0,2,1,0,1,2,0,0
0,340.4,5,2,2,0,0,0,0,0,0,0,0,0,0,0
1,558.9,78,25,90,3,1,2,2,0,1,2,0,0,0,0
1,591.1,23,2,10,0,0,0,0,0,0,0,0,0,0,0
0,184,37,12,28,2,0,1,0,0,2,0,0,0,0,0
1,197.8,69,12,52,2,0,1,0,0,1,1,0,0,0,0
0,588.8,28,2,12,0,0,0,0,0,0,0,0,0,0,0
1,708.4,9,9,26,0,1,0,0,0,2,0,0,0,0,0
1,618.7,5,23,56,4,0,1,1,0,0,2,1,0,0,0
1,225.4,14,2,6,0,0,0,0,0,0,0,0,0,0,0
1,864.8,28,16,38,0,1,2,2,0,1,0,1,0,1,0
1,248.4,14,9,30,3,0,0,0,0,0,0,0,0,0,0
1,289.8,23,12,20,1,1,0,1,0,0,0,0,0,0,0
0,308.2,46,2,20,0,0,0,1,0,0,0,0,0,0,0
1,73.6,37,2,16,0,0,0,0,1,0,0,0,0,0,0
1,752.1,14,25,30,3,1,2,1,1,1,0,0,0,0,0
1,239.2,14,7,22,0,0,1,0,0,0,0,0,0,0,1
0,609.5,32,5,18,0,0,0,0,1,0,0,0,0,0,1
0,285.2,5,5,6,0,0,0,0,0,0,0,0,0,0,0
1,163.3,37,5,20,1,0,0,0,0,0,1,0,0,0,0
1,110.4,37,7,32,1,0,1,0,1,0,0,0,0,0,0
1,163.3,32,2,14,0,0,1,0,0,0,0,0,0,0,0
0,531.3,28,5,16,0,0,1,0,0,0,0,0,0,0,0
1,128.8,60,2,26,0,0,1,0,0,0,0,0,0,0,0
1,273.7,28,16,48,2,0,1,0,1,1,1,0,0,0,0
1,133.4,37,2,16,0,0,0,1,0,0,0,0,0,0,0
1,365.7,28,2,12,0,0,0,0,0,0,0,0,0,0,0
1,59.8,32,2,14,0,0,0,0,0,1,0,0,0,0,1
1,588.8,51,5,28,0,0,0,0,1,0,1,0,0,0,0
1,540.5,51,5,28,0,0,0,0,2,0,0,0,0,0,1
1,598,32,2,14,0,0,1,0,0,0,0,0,0,0,0
1,103.5,32,5,22,1,0,0,0,0,0,0,0,0,0,0
0,577.3,18,5,10,0,0,0,0,0,0,0,0,0,0,0
0,510.6,18,21,44,1,0,2,0,1,2,1,0,0,0,1
1,989,32,28,84,3,1,2,0,1,5,0,1,0,1,0
1,246.1,9,5,6,0,0,0,0,0,0,0,0,0,0,0
1,204.7,14,2,6,0,0,0,0,0,0,0,0,0,0,0
1,669.3,32,12,34,3,0,0,0,0,0,2,0,0,0,0
1,349.6,78,12,60,1,1,1,1,0,0,1,0,0,0,0
1,933.8,37,25,46,4,2,0,0,1,0,4,0,0,0,0
1,407.1,9,5,8,0,0,0,0,0,0,0,0,0,0,0
1,310.5,14,5,12,0,0,0,0,0,0,0,0,0,0,0
1,846.4,9,25,66,3,0,2,2,0,1,2,0,0,0,0
0,657.8,28,21,58,4,1,3,0,0,0,0,0,0,0,0
0,158.7,14,2,6,0,0,0,0,0,0,0,0,0,0,0
1,761.3,37,28,46,1,5,2,2,0,1,1,0,0,0,0
0,903.9,28,28,36,4,0,3,0,1,2,1,1,1,1,0
1,602.6,28,9,30,0,0,1,0,1,0,1,0,0,0,0
1,609.5,64,2,28,0,0,1,0,0,0,0,0,0,0,0
1,308.2,28,5,18,0,0,1,0,0,0,0,0,0,0,0
1,715.3,32,2,14,1,0,0,0,0,0,0,0,0,0,0
0,517.5,23,18,28,1,0,3,1,1,1,0,2,0,0,0
0,443.9,37,5,22,0,0,0,1,0,1,0,0,0,1,0
1,961.4,5,23,48,2,1,2,1,0,1,2,2,0,0,0
1,519.8,9,2,4,0,0,0,0,0,0,0,0,0,0,0
1,664.7,55,5,26,0,1,0,0,0,0,1,0,0,0,0
1,798.1,37,14,50,0,3,0,0,0,0,3,0,0,0,0
0,473.8,32,5,18,0,0,2,0,0,0,0,0,0,0,0
1,540.5,5,18,44,1,0,2,0,0,0,0,0,0,0,0
1,349.6,41,2,18,0,1,0,0,0,0,0,0,0,0,0
0,163.3,14,7,18,1,0,0,0,0,0,0,0,0,0,1
0,512.9,28,25,40,4,0,2,0,0,2,1,0,0,0,1
0,832.6,5,12,24,2,0,0,0,0,1,0,0,0,0,0
1,144.9,64,2,28,0,0,0,1,0,0,0,0,0,0,0
1,664.7,23,25,72,1,1,1,1,3,2,0,0,0,0,0
1,678.5,23,9,32,0,0,0,1,0,1,1,0,0,0,0
0,92,32,5,22,0,1,0,1,0,0,0,0,0,0,0
1,844.1,37,12,38,0,1,3,0,0,1,0,1,0,0,0
1,696.9,55,21,76,1,1,2,2,0,0,3,0,0,0,0
0,276,14,2,6,0,0,0,0,0,0,0,0,0,0,0
1,616.4,9,2,4,0,0,0,0,0,0,0,0,0,0,1
1,227.7,5,5,6,0,0,0,0,0,0,0,0,0,0,0
0,370.3,5,2,2,0,0,0,0,0,0,0,0,0,0,1
0,897,69,21,76,2,0,2,2,2,0,1,0,0,0,0
1,540.5,28,12,38,0,1,2,0,1,0,0,0,0,0,0
1,791.2,18,9,28,0,1,0,0,1,0,1,0,0,0,0
1,437,18,5,14,0,0,1,0,0,0,0,0,0,0,0
0,170.2,32,5,20,1,0,1,0,0,0,0,0,0,0,0
1,112.7,55,7,34,1,0,1,1,0,0,0,0,0,0,0
1,110.4,51,5,24,1,0,0,0,0,0,1,0,0,0,0
0,602.6,32,2,14,0,0,0,0,0,0,0,0,0,0,0
1,432.4,23,16,42,1,1,1,3,0,0,0,0,0,0,0
0,609.5,74,14,58,1,0,3,0,0,0,2,0,0,0,0
1,379.5,37,5,22,0,1,1,0,0,0,0,1,0,0,0
1,641.7,5,28,32,2,0,2,0,0,1,1,0,0,0,1
0,545.1,5,2,2,0,0,0,0,0,0,0,0,0,0,0
0,207,28,2,12,0,0,0,0,0,0,0,0,0,0,0
1,526.7,5,5,8,0,0,0,0,0,0,0,0,0,0,0
1,128.8,5,2,2,0,0,0,0,0,0,0,0,0,0,0
1,545.1,32,2,14,1,0,0,0,0,0,0,0,0,0,0
1,627.9,55,5,32,1,0,0,0,0,1,0,0,0,0,0
0,713,37,9,32,2,0,0,0,1,0,1,0,0,0,0
1,673.9,23,5,14,0,0,1,0,0,0,0,0,0,0,1
1,892.4,37,28,52,3,2,1,1,1,1,3,0,0,0,0
1,101.2,78,5,40,0,0,1,0,0,0,1,0,0,0,0
1,165.6,23,5,14,1,0,0,0,0,0,0,0,0,0,0
1,393.3,5,5,4,0,0,0,0,0,0,0,0,0,0,1
1,170.2,18,7,18,0,0,0,0,2,0,0,0,0,0,0
1,395.6,14,2,6,0,0,0,0,0,0,0,0,0,0,1
0,75.9,37,2,16,0,0,0,0,0,0,1,0,0,0,0
0,36.8,32,2,14,0,0,0,0,0,1,0,0,0,0,0
0,269.1,5,5,4,0,0,0,0,0,0,0,0,0,0,0
1,607.2,32,2,14,0,0,0,1,0,0,0,0,0,0,0
1,510.6,32,2,14,0,0,0,1,0,0,0,0,0,0,0
1,508.3,74,9,56,2,1,0,0,0,0,1,0,0,0,0
1,552,23,2,10,0,0,0,0,0,0,0,0,0,0,0
1,220.8,74,5,38,1,0,0,0,0,0,1,0,0,0,0
1,439.3,23,2,10,0,0,0,0,0,0,0,0,0,0,0
0,434.7,18,14,26,3,0,0,1,0,0,1,0,0,0,0
1,425.5,37,14,32,1,0,1,2,0,1,1,0,0,0,0
1,455.4,5,2,2,0,0,0,0,0,0,0,0,0,0,0
1,625.6,5,16,40,0,0,1,0,1,0,2,0,0,0,1
1,618.7,23,2,10,0,0,0,0,0,0,0,0,0,0,0
1,195.5,55,2,24,0,0,0,0,0,1,0,0,0,0,0
0,602.6,32,2,14,0,0,0,0,0,1,0,0,0,0,0
1,105.8,18,2,8,0,0,0,0,0,0,0,0,0,0,0
1,345,37,2,16,0,0,1,0,0,0,0,0,0,0,0
1,708.4,78,2,34,0,0,0,0,0,1,0,0,0,0,0
1,745.2,18,5,16,0,0,1,0,0,0,0,0,0,0,0
1,519.8,55,16,66,2,0,2,1,0,2,0,0,0,0,0
1,478.4,74,5,34,0,0,2,0,0,0,0,0,0,0,0
1,377.2,28,9,28,2,0,0,0,0,1,0,0,0,0,0
0,207,18,5,12,0,0,0,0,0,0,0,0,0,0,0
0,639.4,41,5,20,1,0,1,0,0,0,0,1,0,0,0
1,64.4,46,2,20,0,0,0,0,1,0,0,0,0,0,0
1,105.8,14,5,8,0,0,0,0,0,0,0,0,0,0,0
1,437,74,2,32,0,0,0,1,0,0,0,0,0,0,0
0,377.2,23,2,10,0,0,0,0,0,0,0,0,0,0,0
1,501.4,32,9,30,0,2,1,0,1,0,0,1,1,0,0
1,487.6,5,2,2,0,0,0,0,0,0,0,0,0,0,0
0,80.5,9,5,6,0,0,0,0,0,0,0,0,0,0,0
1,193.2,28,7,22,0,0,1,0,0,0,1,0,0,0,0
0,411.7,9,25,36,1,1,2,2,0,1,0,1,0,0,0
1,687.7,14,5,14,1,0,0,0,0,0,0,0,0,0,0
1,386.4,32,2,14,1,0,0,0,0,0,0,0,0,0,0
0,572.7,5,7,8,0,0,0,0,0,0,0,0,0,0,0
0,563.5,37,2,16,0,0,0,0,1,0,0,0,0,0,0
1,190.9,83,2,36,1,0,0,0,0,0,0,0,0,0,0
1,73.6,18,5,16,1,0,0,0,0,0,0,0,0,0,0
1,230,9,5,12,0,0,0,0,0,0,0,0,0,0,0
0,354.2,37,2,16,0,0,0,0,0,1,0,0,0,0,0
1,82.8,14,5,10,0,0,0,0,0,0,0,0,0,0,0
1,204.7,9,2,4,0,0,0,0,0,0,0,0,0,0,0
1,34.5,37,2,16,1,0,0,0,0,0,0,0,0,0,0
0,280.6,23,5,16,0,1,0,0,0,0,0,0,0,0,0
1,349.6,32,5,20,0,0,1,0,0,0,0,0,0,0,0
1,335.8,28,2,12,0,0,0,0,0,0,0,0,0,0,0
1,457.7,46,2,20,1,0,0,0,0,0,0,0,0,0,0
1,312.8,28,5,18,1,0,0,0,0,0,0,0,0,0,0
1,487.6,51,2,22,0,0,1,0,0,0,0,0,0,0,0
1,345,9,12,16,0,0,0,0,1,0,1,0,0,0,0
1,266.8,37,12,30,2,0,0,1,0,1,1,0,0,1,1
0,545.1,14,18,40,3,0,1,0,2,0,1,0,0,0,1
0,607.2,5,9,26,0,1,2,0,0,0,0,1,0,0,1
1,738.3,5,5,6,0,0,0,0,0,0,0,0,0,0,0
1,271.4,14,14,30,2,0,1,0,0,0,1,0,0,0,0
0,878.6,14,18,40,3,0,2,0,0,1,0,0,0,0,0
1,650.9,18,5,14,0,0,1,0,0,0,0,0,0,0,0
0,777.4,32,16,52,3,0,3,0,0,0,1,1,0,0,0
1,584.2,18,5,12,0,0,0,0,0,0,0,0,0,0,0
1,616.4,23,2,10,0,0,0,0,0,0,0,0,0,0,0
0,105.8,32,5,16,1,0,1,0,0,0,0,1,0,0,1
1,713,37,9,24,0,0,2,1,1,0,0,0,0,0,0
1,549.7,64,5,30,0,0,1,1,0,0,0,0,0,0,0
0,218.5,32,2,14,0,0,1,0,0,0,0,0,0,0,0
1,220.8,5,5,6,0,0,0,0,0,0,0,0,0,0,0
1,526.7,9,2,4,0,0,0,0,0,0,0,0,0,0,0
1,305.9,32,5,22,1,0,1,0,0,0,0,0,0,0,0
0,517.5,32,5,18,0,0,1,0,0,0,0,0,0,0,0
0,731.4,28,5,16,0,0,1,0,0,0,0,0,0,0,0
1,696.9,18,21,50,2,1,0,2,2,0,0,0,1,0,0
1,809.6,32,28,52,0,1,3,3,2,1,2,0,0,0,0
0,453.1,5,25,34,2,0,3,1,0,1,0,0,0,0,0
1,299,37,2,16,1,0,0,0,0,0,0,0,0,0,0
0,715.3,5,5,8,0,0,0,0,0,0,0,0,0,0,0
1,848.7,41,25,78,0,0,3,4,0,2,2,0,0,0,0
1,874,5,28,72,2,1,3,0,0,1,3,0,0,0,0
1,400.2,37,5,24,1,0,0,1,0,0,0,0,0,0,0
1,469.2,5,5,10,0,0,0,0,0,0,0,0,0,0,0
1,218.5,23,2,10,0,0,0,0,0,0,0,0,0,0,0
1,416.3,23,5,18,1,0,0,0,0,0,0,0,0,0,0
1,411.7,60,5,32,0,1,0,0,1,0,0,0,0,0,0
1,862.5,60,23,72,2,2,2,1,1,2,0,1,1,2,0
0,839.5,37,23,66,1,4,3,0,0,2,0,0,0,0,0
0,174.8,28,9,36,1,1,0,1,0,0,0,0,0,0,0
1,319.7,5,5,10,0,0,0,0,0,0,0,0,0,0,0
1,717.6,32,5,22,0,0,1,0,0,1,0,0,0,0,0
1,138,51,5,28,1,0,1,0,0,0,0,0,0,0,0
1,621,55,5,30,0,0,0,1,1,0,0,0,0,0,0
1,211.6,46,9,34,1,0,2,0,0,0,1,1,0,0,0
1,618.7,32,23,64,0,0,1,2,1,3,2,0,0,0,1
0,126.5,64,5,36,0,1,1,0,0,0,0,0,0,0,0
0,269.1,18,5,12,0,0,0,0,0,0,0,0,0,0,0
1,381.8,69,2,30,0,0,0,1,0,0,0,0,0,0,0
0,487.6,18,12,20,1,1,0,0,1,0,0,0,0,0,0
1,425.5,5,14,28,0,0,1,1,0,1,0,0,0,0,1
0,499.1,23,12,26,1,1,0,0,0,1,1,0,0,0,0
0,197.8,23,2,10,0,0,0,0,0,0,0,0,0,0,0
1,809.6,14,25,66,0,0,2,1,0,1,5,2,0,0,1
1,356.5,23,21,34,2,1,2,2,0,0,0,2,0,0,0
1,970.6,9,23,54,4,1,1,0,1,1,1,0,0,0,0
0,501.4,28,2,12,0,0,0,0,0,0,0,0,0,0,0
1,437,64,5,36,1,0,1,0,0,0,0,0,0,0,0
1,802.7,37,28,42,2,0,2,2,0,3,3,0,0,0,1
0,837.2,28,25,36,2,0,2,2,2,0,2,2,1,0,0
1,441.6,32,21,62,1,1,2,0,3,1,1,1,2,1,1
1,650.9,46,2,20,0,0,1,0,0,0,0,0,0,0,0
0,287.5,5,5,10,0,0,0,0,0,0,0,0,0,0,1
0,736,64,5,34,0,0,0,1,1,0,0,0,0,0,0
1,552,64,2,28,0,0,1,0,0,0,0,0,0,0,0
1,441.6,37,5,20,1,0,1,0,0,0,0,1,0,0,0
1,156.4,23,7,20,0,2,0,0,0,0,0,0,0,0,0
1,391,32,2,14,1,0,0,0,0,0,0,0,0,0,0
1,473.8,83,5,44,1,0,0,1,0,0,0,0,0,0,0
1,736,23,21,38,1,0,3,1,1,2,0,0,0,0,0
0,278.3,5,2,2,0,0,0,0,0,0,0,0,0,0,0
0,103.5,37,2,16,0,0,1,0,0,0,0,0,0,0,0
0,333.5,5,2,2,0,0,0,0,0,0,0,0,0,0,1
1,299,23,5,14,0,0,1,0,0,0,0,0,0,0,0
1,167.9,32,2,14,1,0,0,0,0,0,0,0,0,0,0
1,667,60,28,86,2,2,2,1,4,1,0,0,0,0,0
1,1000.5,64,25,64,2,1,1,4,0,2,1,0,0,0,0
0,657.8,28,2,12,0,0,0,0,0,0,0,0,0,0,0
0,501.4,5,2,2,0,0,0,0,0,0,0,0,0,0,0
1,876.3,32,18,46,2,0,4,1,0,0,1,2,0,0,0
1,243.8,46,12,46,0,1,2,0,0,1,1,0,0,0,1
1,489.9,23,12,38,1,0,0,0,1,1,1,0,0,0,0
0,57.5,41,2,18,0,0,1,0,0,0,0,0,0,0,0
0,220.8,64,2,28,0,0,0,0,0,0,1,0,0,0,0
1,361.1,23,2,10,0,0,0,0,0,0,0,0,0,0,0
1,692.3,51,5,30,0,0,1,0,1,0,0,0,0,0,0
1,637.1,9,5,12,0,0,0,0,0,0,0,0,0,0,1
1,207,9,2,4,0,0,0,0,0,0,0,0,0,0,0
1,391,23,5,14,0,0,0,1,0,0,0,0,0,0,0
1,351.9,37,21,38,2,1,3,1,1,0,1,0,0,0,0
1,844.1,23,28,60,2,2,1,1,0,2,2,0,0,0,1
1,57.5,9,2,4,0,0,0,0,0,0,0,0,0,0,0
1,738.3,74,5,38,1,0,0,0,0,1,0,0,0,0,0
1,487.6,28,5,16,0,1,0,0,0,0,0,0,0,0,0
1,600.3,64,2,28,1,0,0,0,0,0,0,0,0,0,0
0,616.4,14,2,6,0,0,0,0,0,0,0,0,0,0,0
1,174.8,5,2,2,0,0,0,0,0,0,0,0,0,0,0
1,667,5,21,22,1,1,1,0,0,1,0,1,0,0,0
0,871.7,60,21,52,3,1,1,1,0,1,2,0,0,0,0
1,798.1,55,25,58,4,1,2,2,0,1,1,0,0,0,0
0,593.4,37,2,16,0,0,0,0,1,0,0,0,0,0,0
0,662.4,41,12,46,1,0,3,0,0,1,0,0,0,0,0
1,929.2,32,25,60,1,1,5,1,1,0,2,1,0,0,0
1,326.6,23,5,16,0,0,0,0,1,0,0,0,0,0,1
1,82.8,18,5,16,1,0,0,0,0,0,0,0,0,0,0
1,586.5,23,2,10,0,0,0,0,0,0,0,0,0,0,0
1,434.7,5,9,22,0,1,0,1,0,0,0,0,0,0,0
0,772.8,32,14,32,1,0,2,2,0,0,1,0,0,0,0
1,213.9,32,5,16,0,0,2,0,0,0,0,1,0,0,0
1,910.8,37,25,50,3,2,2,2,0,1,1,0,0,0,0
1,726.8,5,21,32,0,1,2,0,0,0,0,1,0,0,0
1,913.1,23,23,64,1,1,1,0,2,2,0,0,0,0,0
1,561.2,37,14,42,2,0,2,0,2,0,0,0,0,0,0
1,480.7,28,5,14,1,0,0,0,0,0,0,0,0,0,0
0,708.4,46,28,70,4,0,1,3,1,2,1,0,0,0,0
1,538.2,78,5,36,1,0,0,0,0,0,1,0,0,0,0
1,719.9,28,2,12,0,0,0,0,0,0,0,0,0,0,0
1,257.6,37,2,16,1,0,0,0,0,0,0,0,0,0,1
0,439.3,28,9,34,0,0,2,1,0,0,0,0,0,0,0
1,600.3,28,2,12,0,0,0,0,0,0,0,0,0,0,0
1,140.3,28,7,30,1,0,0,0,0,0,1,0,0,0,0
0,351.9,41,5,22,0,0,0,0,0,0,2,0,0,0,0
0,851,32,14,30,1,0,2,0,2,0,1,0,0,0,0
1,101.2,14,2,6,0,0,0,0,0,0,0,0,0,0,0
1,411.7,32,25,62,3,0,4,1,0,2,1,0,0,0,0
1,496.8,23,2,10,0,0,0,0,0,0,0,0,0,0,0
1,381.8,74,21,68,3,0,2,1,1,1,1,0,0,0,0
1,464.6,46,2,20,0,0,1,0,0,0,0,0,0,0,0
0,637.1,32,14,46,0,0,3,2,0,1,0,0,0,0,0
1,487.6,32,14,28,1,1,0,1,1,0,2,0,0,0,0
1,349.6,37,2,16,0,0,1,0,0,0,0,0,0,0,0
1,489.9,74,21,60,1,1,4,1,1,1,0,1,0,0,0
0,87.4,14,5,14,0,1,0,0,0,0,0,0,0,0,0
0,172.5,9,5,12,0,0,0,0,0,0,0,0,0,0,0
1,397.9,37,5,20,1,1,0,0,0,0,0,0,0,0,0
1,186.3,37,2,16,1,0,0,0,0,0,0,0,0,0,0
1,591.1,5,2,2,0,0,0,0,0,0,0,0,0,0,0
1,552,28,5,16,0,1,0,0,0,0,0,0,0,0,0
1,144.9,78,5,40,1,0,0,0,0,0,1,0,0,0,0
1,368,32,7,28,0,0,1,0,1,0,0,0,0,0,0
0,754.4,28,5,18,1,0,0,0,0,0,0,0,0,0,1
1,830.3,14,28,44,1,0,1,0,1,2,1,1,0,1,1
1,591.1,23,12,24,0,0,0,1,0,0,0,0,0,0,0
1,296.7,60,12,44,0,0,1,0,1,0,3,1,1,0,0
1,425.5,23,18,42,1,1,2,1,1,1,0,1,0,1,0
1,529,9,5,8,0,0,0,0,0,0,0,0,0,0,0
1,627.9,28,2,12,0,0,0,0,0,0,0,0,0,0,0
1,563.5,9,9,18,0,1,0,0,0,1,0,0,0,0,0
0,708.4,46,2,20,0,0,0,0,0,0,1,0,0,0,0
0,386.4,5,21,20,0,0,2,1,0,0,0,0,0,0,1
1,230,60,2,26,0,0,0,0,0,1,0,0,0,0,0
0,190.9,69,5,36,0,0,2,0,0,0,0,0,0,0,0
0,255.3,5,9,14,0,0,1,0,0,0,0,0,0,0,0
0,563.5,46,5,22,0,0,1,0,0,1,0,0,0,0,0
1,756.7,37,14,38,5,0,0,0,1,0,0,0,0,0,0
1,211.6,32,2,14,0,0,0,0,0,0,0,0,0,0,0
1,667,23,21,62,2,1,4,0,1,0,0,1,0,0,0
1,250.7,41,5,22,0,1,1,0,0,0,0,1,0,0,0
1,368,18,7,20,2,0,0,0,0,0,0,0,0,0,0
1,259.9,9,2,4,0,0,0,0,0,0,0,0,0,0,0
1,611.8,14,16,38,2,1,1,0,0,0,0,0,0,0,0
0,545.1,32,28,52,4,0,4,1,0,0,3,0,0,0,0
1,719.9,32,2,14,0,0,0,1,0,0,0,0,0,0,0
0,483,78,5,42,0,0,2,0,0,0,0,1,0,0,0
1,335.8,28,5,18,0,1,0,0,0,0,0,0,0,0,0
1,262.2,5,2,2,0,0,0,0,0,0,0,0,0,0,1
1,425.5,32,5,16,0,1,0,0,0,0,0,0,0,0,0
1,273.7,18,2,8,0,0,0,0,0,0,0,0,0,0,0
1,370.3,23,5,18,0,1,0,0,0,0,0,0,0,0,0
0,101.2,37,2,16,0,0,0,1,0,0,0,0,0,0,0
1,782,32,9,30,0,0,2,0,0,2,0,0,0,0,0
1,446.2,28,2,12,0,0,0,0,0,0,0,0,0,0,0
1,747.5,9,7,20,0,0,0,0,0,0,1,0,0,0,0
1,119.6,18,5,10,0,0,0,0,0,0,0,0,0,0,0
1,154.1,23,2,10,0,0,0,0,0,0,0,0,0,0,0
1,292.1,18,5,16,0,0,1,0,0,0,0,0,0,0,0
1,630.2,14,23,28,2,0,1,0,2,1,0,1,1,1,0
0,340.4,37,5,22,0,0,0,0,0,0,2,0,0,0,0
1,496.8,5,28,52,2,0,1,1,1,1,2,0,0,0,0
1,531.3,23,2,10,0,0,0,0,0,0,0,0,0,0,0
1,598,14,12,20,0,0,0,1,1,1,0,0,0,0,0
1,982.1,78,21,62,2,0,1,1,1,2,2,0,0,0,1
1,361.1,32,2,14,0,0,1,0,0,0,0,0,0,0,0
1,662.4,32,14,46,1,2,0,1,0,0,1,0,0,0,0
0,292.1,28,5,20,0,0,1,0,0,0,0,0,0,0,0
0,317.4,37,5,18,0,0,0,0,0,1,1,0,0,0,0
1,671.6,28,5,14,0,1,0,0,0,0,0,0,0,0,0
1,115,5,2,2,0,0,0,0,0,0,0,0,0,0,0
1,124.2,32,2,14,0,0,1,0,0,0,0,0,0,0,0
0,393.3,28,5,16,0,0,0,0,0,1,0,0,0,0,1
0,703.8,14,5,12,0,0,0,0,0,0,0,0,0,0,0
1,625.6,32,2,14,0,0,1,0,0,0,0,0,0,0,0
1,276,18,2,8,0,0,0,0,0,0,0,0,0,0,0
0,101.2,32,5,16,2,0,0,0,0,0,0,0,0,0,0
1,174.8,28,2,12,0,0,0,0,0,0,0,0,0,0,0
1,379.5,37,2,16,0,1,0,0,0,0,0,0,0,0,1
1,276,28,2,12,0,0,0,0,0,0,0,0,0,0,0
0,779.7,28,16,48,1,0,2,1,0,1,0,1,0,1,1
0,494.5,9,12,18,1,0,1,0,0,0,0,0,0,0,0
0,179.4,55,5,28,0,0,0,2,0,0,0,0,0,0,0
1,220.8,41,5,20,0,0,0,1,0,0,1,0,0,0,1
0,119.6,9,2,4,0,0,0,0,0,0,0,0,0,0,0
0,66.7,37,2,16,0,0,0,1,0,0,0,0,0,0,0
1,777.4,23,14,38,0,0,1,2,0,1,1,0,0,0,0
1,124.2,64,2,28,0,0,1,0,0,0,0,0,0,0,0
1,639.4,74,5,40,1,0,0,0,0,1,0,0,0,0,0
0,713,37,2,16,0,0,0,1,0,0,0,0,0,0,0
1,577.3,55,5,28,0,0,0,0,0,2,0,0,0,0,0
1,255.3,28,5,16,0,1,0,0,0,0,0,0,0,0,0
0,632.5,9,21,22,0,1,1,1,1,0,0,1,0,0,1
1,310.5,23,12,24,0,0,1,0,1,0,1,0,1,0,0
1,662.4,32,5,16,0,0,0,0,2,0,0,0,0,0,0
1,55.2,9,2,4,0,0,0,0,0,0,0,0,0,0,0
0,772.8,37,23,56,2,0,3,3,0,2,0,0,0,0,1
1,510.6,28,23,54,3,2,3,1,0,0,0,0,0,0,0
1,220.8,18,5,10,0,0,0,0,0,0,0,0,0,0,0
1,259.9,78,14,56,1,1,2,0,1,0,1,1,0,0,0
1,713,32,2,14,0,0,0,0,0,0,0,0,0,0,0
1,207,32,5,16,0,0,2,0,0,0,0,1,0,0,0
1,540.5,14,5,10,0,0,0,0,0,0,0,0,0,0,0
0,929.2,83,18,56,1,2,1,1,1,1,1,1,1,1,0
1,135.7,74,5,34,0,0,0,1,1,0,0,0,0,0,0
1,356.5,28,2,12,0,0,0,0,0,0,0,0,0,0,0
0,358.8,46,5,24,0,1,0,0,1,0,0,0,0,0,0
1,660.1,60,2,26,0,1,0,0,0,0,0,0,0,0,0
1,607.2,5,18,48,1,0,0,1,1,2,1,0,0,0,1
1,158.7,28,5,18,1,0,0,0,0,0,0,0,0,0,0
0,335.8,5,5,8,0,0,0,0,0,0,0,0,0,0,0
1,501.4,37,5,22,0,0,1,0,0,0,1,0,0,0,0
0,397.9,74,9,52,0,1,1,0,1,0,1,0,0,0,0
1,671.6,14,25,62,3,0,2,0,1,0,3,0,0,0,0
0,476.1,69,23,90,0,0,0,4,4,1,1,0,0,0,0
0,276,32,5,16,0,0,0,0,0,0,1,0,0,0,0
1,50.6,55,2,24,0,1,0,0,0,0,0,0,0,0,0
0,584.2,28,9,24,2,0,0,1,0,0,0,0,0,0,0
1,747.5,37,5,20,1,1,0,0,0,0,0,0,0,0,0
1,427.8,78,2,34,0,0,0,0,1,0,0,0,0,0,0
1,575,9,2,4,0,0,0,0,0,0,0,0,0,0,0
1,545.1,41,28,82,1,0,7,2,2,0,0,0,0,0,0
1,634.8,5,12,26,0,1,1,0,0,0,0,0,0,0,0
0,690,32,2,14,0,0,1,0,0,0,0,0,0,0,0
0,584.2,78,7,44,0,0,2,0,0,0,1,1,0,0,0
1,365.7,32,5,16,0,2,0,0,0,0,0,0,0,0,0
1,322,18,21,54,1,0,2,1,1,1,2,0,0,0,1
0,639.4,23,12,26,1,0,0,0,1,0,1,0,0,0,0
1,499.1,69,2,30,0,1,0,0,0,0,0,0,0,0,0
1,979.8,23,28,62,2,2,2,0,0,4,1,0,0,0,1
1,315.1,14,2,6,0,0,0,0,0,0,0,0,0,0,0
1,752.1,18,5,12,0,0,0,0,0,0,0,0,0,0,0
1,294.4,9,7,12,0,0,0,0,0,0,0,0,0,0,1
1,637.1,5,12,24,1,0,0,0,0,0,0,0,0,0,0
1,733.7,28,18,28,1,0,1,1,2,0,0,0,1,0,0
0,393.3,5,2,2,0,0,0,0,0,0,0,0,0,0,0
1,112.7,32,2,14,1,0,0,0,0,0,0,0,0,0,0
1,315.1,23,5,14,0,0,1,0,0,0,0,0,0,0,0
1,335.8,41,2,18,1,0,0,0,0,0,0,0,0,0,0
1,577.3,18,5,14,0,1,0,0,0,0,0,0,0,0,0
1,115,9,5,8,0,0,0,0,0,0,0,0,0,0,0
1,561.2,9,14,24,0,1,0,0,0,1,0,0,0,0,1
0,986.7,51,25,78,2,1,1,0,2,3,2,0,0,0,0
1,724.5,37,5,18,1,1,0,0,0,0,0,0,0,0,0
1,563.5,28,2,12,0,0,0,0,0,0,0,0,0,0,1
1,418.6,74,21,82,1,1,3,0,1,1,2,1,0,0,0
0,232.3,37,5,20,0,0,1,0,0,1,0,0,0,0,0
1,492.2,9,5,10,0,0,0,0,0,0,0,0,0,0,0
1,89.7,41,5,22,1,0,0,1,0,0,0,0,0,0,0
1,239.2,18,5,12,0,0,0,0,0,0,0,0,0,0,0
1,683.1,51,18,48,3,1,1,0,1,0,2,1,1,0,1
1,492.2,64,5,34,0,0,1,0,0,1,0,0,0,0,0
1,243.8,28,2,12,0,0,0,0,0,0,0,0,0,0,0
1,243.8,14,2,6,0,0,0,0,0,0,0,0,0,0,0
1,903.9,14,18,54,0,0,3,0,1,0,3,2,0,0,0
1,837.2,14,14,18,1,1,1,0,0,0,0,0,0,0,0
0,340.4,28,2,12,0,0,0,0,0,0,0,0,0,0,0
1,607.2,37,2,16,0,1,0,0,0,0,0,0,0,0,0
1,255.3,23,2,10,0,0,0,0,0,0,0,0,0,0,0
0,1092.5,9,28,70,1,2,1,1,1,2,3,0,0,0,0
0,874,60,18,66,1,1,1,0,1,1,3,0,0,0,0
0,630.2,28,14,32,2,0,1,0,0,0,2,1,0,0,1
1,694.6,60,5,30,1,0,1,0,0,0,0,0,0,0,0
1,469.2,5,5,10,0,0,0,0,0,0,0,0,0,0,0
0,46,78,2,34,1,0,0,0,0,0,0,0,0,0,0
1,469.2,18,2,8,0,0,0,0,0,0,0,0,0,0,0
1,391,9,2,4,0,0,0,0,0,0,0,0,0,0,0
0,259.9,37,2,16,1,0,0,0,0,0,0,0,0,0,0
0,598,46,5,24,0,1,1,0,0,0,0,1,0,0,0
0,223.1,14,2,6,0,0,0,0,0,0,0,0,0,0,0
1,294.4,51,14,48,2,1,0,0,0,0,3,0,0,0,0
0,170.2,14,2,6,0,0,0,0,0,0,0,0,0,0,0
0,202.4,14,2,6,0,0,0,0,0,0,0,0,0,0,0
1,92,28,5,14,1,0,0,0,0,0,0,0,0,0,0
1,777.4,55,21,60,0,1,1,1,1,1,4,0,0,0,0
0,756.7,23,5,14,0,0,0,0,0,1,0,0,0,0,1
1,223.1,23,2,10,0,0,0,0,0,0,0,0,0,0,0
1,347.3,74,5,38,0,0,1,0,1,0,0,0,0,0,0
1,1069.5,23,28,52,2,2,4,0,1,0,2,0,0,0,0
0,209.3,32,2,14,0,0,0,0,0,1,0,0,0,0,0
1,648.6,32,5,20,0,0,2,0,0,0,0,0,0,0,0
1,1060.3,23,25,58,3,0,1,2,1,1,2,0,0,0,0
1,154.1,14,2,6,0,0,0,0,0,0,0,0,0,0,0
1,696.9,18,12,36,2,1,1,0,0,0,0,0,0,0,0
0,871.7,51,25,80,1,2,3,2,1,0,2,0,0,0,0
1,853.3,32,25,64,3,3,2,0,1,1,1,0,0,0,0
1,98.9,28,2,12,0,0,0,0,0,0,0,0,0,0,0
1,542.8,32,28,46,4,0,2,1,1,0,3,0,0,0,0
0,752.1,9,5,8,0,0,0,0,0,0,0,0,0,0,1
1,542.8,5,14,20,2,0,0,0,0,0,0,0,0,0,0
1,179.4,23,5,12,0,0,0,0,0,0,0,0,0,0,0
1,660.1,23,9,22,0,0,1,1,0,0,1,0,0,0,0
0,687.7,64,2,28,0,0,0,0,0,0,1,0,0,0,0
1,326.6,32,18,58,1,1,2,1,1,1,1,0,0,0,0
1,848.7,23,14,44,1,1,0,0,0,2,1,0,0,0,0
1,901.6,64,25,90,0,2,4,2,0,2,1,2,0,1,0
1,540.5,32,2,14,0,0,0,0,1,0,0,0,0,0,0
1,73.6,9,5,12,0,0,0,0,0,0,0,0,0,0,0
1,395.6,69,16,48,1,0,2,1,0,1,2,0,0,0,0
1,476.1,28,5,18,0,0,0,1,0,0,0,0,0,0,0
1,397.9,37,9,38,0,1,1,0,1,1,0,0,0,0,0
1,929.2,32,25,64,3,1,1,2,0,4,0,0,0,0,0
0,561.2,28,2,12,0,0,0,0,0,0,0,0,0,0,0
0,653.2,14,9,16,1,1,0,0,0,0,0,0,0,0,0
0,547.4,23,25,34,1,1,1,2,1,1,3,0,0,0,1
1,225.4,32,12,30,2,2,0,0,0,1,0,0,0,0,0
0,397.9,9,2,4,0,0,0,0,0,0,0,0,0,0,0
1,784.3,32,16,38,1,0,0,0,0,2,3,0,0,0,1
1,257.6,32,2,14,0,0,0,1,0,0,0,0,0,0,0
1,894.7,28,21,36,2,0,3,2,0,0,1,0,0,0,0
1,722.2,5,14,36,2,0,0,1,1,0,1,0,0,0,0
1,354.2,23,21,54,1,0,4,1,1,0,1,1,1,0,0
0,342.7,37,5,20,0,1,0,0,0,1,0,0,0,0,1
0,453.1,9,5,12,0,0,0,0,0,0,0,0,0,0,1
0,50.6,37,2,16,0,0,0,0,0,0,1,0,0,0,0
1,572.7,5,5,8,0,0,0,0,0,0,0,0,0,0,1
1,549.7,78,28,99,1,2,4,2,0,1,2,0,0,0,0
1,246.1,51,7,30,1,0,1,0,1,0,0,0,1,0,0
0,354.2,83,2,36,1,0,0,0,0,0,0,0,0,0,0
0,287.5,32,7,22,2,0,1,0,0,0,0,1,0,0,0
1,765.9,55,23,58,2,1,2,1,1,1,2,1,0,1,0
1,956.8,18,25,36,1,0,4,1,1,0,0,1,1,0,1
1,637.1,18,5,14,0,1,0,0,0,0,0,0,0,0,0
0,469.2,28,5,14,1,0,0,0,0,0,0,0,0,0,0
1,326.6,32,21,66,2,1,2,1,0,2,1,0,0,0,0
1,517.5,37,9,34,1,0,0,1,1,1,0,0,0,0,0
1,724.5,14,7,22,2,0,0,0,0,0,0,0,0,0,0
1,140.3,41,5,24,1,0,0,1,0,0,0,0,0,0,0
1,644,5,28,38,0,2,4,2,0,0,1,1,0,0,0
1,126.5,18,5,12,0,0,0,0,0,0,0,0,0,0,0
0,540.5,37,2,16,1,0,0,0,0,0,0,0,0,0,1
1,184,64,2,28,0,0,0,0,0,0,1,0,0,0,0
1,556.6,5,5,8,0,0,0,0,0,0,0,0,0,0,0
1,510.6,60,2,26,0,0,1,0,0,0,0,0,0,0,0
1,126.5,23,5,18,1,0,0,0,0,0,0,0,0,0,0
1,184,32,5,20,0,0,0,1,0,1,0,0,0,0,0
0,565.8,78,2,34,1,0,0,0,0,0,0,0,0,0,1
1,722.2,18,5,16,0,0,1,0,0,0,0,0,0,0,0
1,126.5,28,5,16,0,1,0,0,0,0,0,0,0,0,0
0,552,23,25,62,1,0,3,0,2,0,4,0,0,0,0
1,650.9,32,9,26,0,0,2,1,0,1,0,0,0,0,0
0,805,28,12,30,0,0,2,1,0,1,0,1,0,0,0
0,368,9,2,4,0,0,0,0,0,0,0,0,0,0,0
1,680.8,46,2,20,0,0,1,0,0,0,0,0,0,0,0
1,558.9,78,23,62,4,1,2,0,1,2,0,1,1,1,0
0,535.9,23,5,18,1,0,0,0,0,0,0,0,0,0,0
1,340.4,14,9,16,1,0,0,0,0,0,0,0,0,0,0
1,59.8,14,2,6,0,0,0,0,0,0,0,0,0,0,0
1,857.9,32,21,56,1,3,1,1,0,2,1,0,0,0,0
1,62.1,14,2,6,0,0,0,0,0,0,0,0,0,0,0
0,572.7,51,5,30,2,0,0,0,0,0,0,0,0,0,0
1,653.2,5,28,50,3,0,4,1,0,0,2,1,0,0,0
1,305.9,41,2,18,0,0,0,0,0,1,0,0,0,0,0
1,733.7,23,23,58,0,1,3,2,0,1,1,2,0,1,0
0,308.2,23,2,10,0,0,0,0,0,0,0,0,0,0,0
1,441.6,18,2,8,0,0,0,0,0,0,0,0,0,0,0
1,377.2,28,12,32,0,0,1,0,0,1,2,1,0,1,1
0,676.2,23,2,10,0,0,0,0,0,0,0,0,0,0,0
0,600.3,9,5,10,0,0,0,0,0,0,0,0,0,0,0
1,94.3,74,2,32,0,0,1,0,0,0,0,0,0,0,0
1,708.4,28,2,12,0,0,0,0,0,0,0,0,0,0,0
